"make","model","price.usd","year","condition","mileage.km","fuel","volume.l","color","transmission","drive"
"ford","c-max",4800,2006,"with mileage",220000,"petrol",1.8,"black","mechanics","front-wheel drive"
"mitsubishi","pajero",8700,2002,"with mileage",293566,"diesel",3.2,"silver","auto","part-time four-wheel drive"
"audi","a6-allroad",8500,2004,"with mileage",250800,"petrol",4.2,"black","auto","all-wheel drive"
"nissan","primera",1600,1998,"with mileage",285000,"diesel",2,"silver","mechanics","front-wheel drive"
"audi","a8",8100,2001,"with mileage",283100,"diesel",2.5,"black","auto","all-wheel drive"
"hyundai","santa-fe",24899,2016,"with mileage",85000,"diesel",2.2,"black","auto","all-wheel drive"
"volkswagen","transporter",6700,1997,"with mileage",325000,"diesel",2.4,"white","mechanics","front-wheel drive"
"hyundai","solaris",8000,2014,"with mileage",55000,"petrol",1.4,"white","auto","front-wheel drive"
"ford","fiesta",300,1991,"with mileage",60000,"petrol",1.3,"red","mechanics","front-wheel drive"
"skoda","rapid",7850,2016,"with mileage",69000,"petrol",1.6,"white","mechanics","front-wheel drive"
"citroen","c3",4000,2007,"with mileage",192000,"diesel",1.4,"silver","mechanics","front-wheel drive"
"gaz","21",1000,1960,"with mileage",1000,"petrol",2.432,"white","mechanics",""
"renault","laguna",2250,1996,"with mileage",434000,"petrol",1.8,"blue","mechanics","front-wheel drive"
"hyundai","lantra",850,1992,"with mileage",230040,"petrol",1.8,"burgundy","mechanics","front-wheel drive"
"citroen","xantia",1250,1999,"with mileage",256688,"petrol",2,"blue","mechanics","front-wheel drive"
"volkswagen","vento",2100,1993,"with mileage",350000,"petrol",1.8,"red","auto","front-wheel drive"
"kia","sorento",6500,2003,"with mileage",250000,"diesel",2.5,"silver","auto","part-time four-wheel drive"
"bmw","x5",7800,2002,"with mileage",418000,"diesel",3,"silver","mechanics","all-wheel drive"
"opel","vectra",3200,1997,"with mileage",337000,"petrol",1.8,"black","mechanics","front-wheel drive"
"ford","mondeo",4700,2004,"with mileage",424555,"diesel",2,"white","mechanics","front-wheel drive"
"audi","80",618,1989,"for parts",300000,"petrol",1.8,"black","mechanics","front-wheel drive"
"fiat","stilo",3200,2002,"with mileage",300000,"diesel",1.9,"other","mechanics","front-wheel drive"
"renault","laguna",900,1995,"with mileage",300000,"petrol",1.8,"black","mechanics","front-wheel drive"
"renault","grand-scenic",10999,2014,"with mileage",149000,"diesel",1.5,"black","mechanics","front-wheel drive"
"peugeot","407",5999,2008,"with mileage",130000,"petrol",1.8,"black","mechanics","front-wheel drive"
"opel","combo",5400,2010,"with mileage",346500,"diesel",1.3,"green","mechanics","front-wheel drive"
"lexus","rx",17900,2009,"with mileage",96.5604,"petrol",3.5,"silver","auto","all-wheel drive"
"volkswagen","jetta",894,1990,"with mileage",280846,"petrol",1.3,"blue","mechanics","front-wheel drive"
"ford","ranger",7606,2009,"with mileage",209400,"diesel",3,"white","mechanics","part-time four-wheel drive"
"renault","laguna",1100,1997,"with mileage",327000,"petrol",1.8,"blue","mechanics","front-wheel drive"
"mazda","626",2044,1997,"with mileage",310000,"petrol",1.8,"blue","mechanics","front-wheel drive"
"land-rover","discovery-sport",45900,2019,"with mileage",18,"petrol",2,"other","auto","all-wheel drive"
"mercedes-benz","e-klass",3200,1997,"with mileage",460000,"diesel",2.2,"blue","auto","rear drive"
"renault","laguna",1700,1995,"with mileage",180000,"petrol",1.8,"purple","mechanics","front-wheel drive"
"volvo","v40",1800,1996,"with mileage",332000,"petrol",1.8,"white","mechanics","front-wheel drive"
"renault","grand-espace",4200,2000,"with mileage",369000,"diesel",2.2,"silver","mechanics","front-wheel drive"
"infiniti","g",8999,2007,"with mileage",245000,"petrol",3.5,"gray","auto","all-wheel drive"
"volkswagen","touran",5999,2005,"with mileage",330000,"diesel",1.9,"gray","auto","front-wheel drive"
"volkswagen","sharan",16500,2012,"with mileage",323,"diesel",2,"brown","mechanics","front-wheel drive"
"toyota","avensis",3800,2002,"with mileage",322000,"diesel",2,"blue","mechanics","front-wheel drive"
"mitsubishi","asx",11600,2012,"with mileage",131000,"petrol",1.6,"gray","mechanics","front-wheel drive"
"nissan","qashqai",12300,2011,"with mileage",201000,"diesel",1.5,"black","mechanics","front-wheel drive"
"volvo","v60",14000,2015,"with mileage",181000,"diesel",1.6,"blue","mechanics","front-wheel drive"
"opel","insignia",13850,2015,"with mileage",124000,"diesel",2,"black","auto","front-wheel drive"
"bmw","x1",12500,2011,"with mileage",260000,"diesel",2,"black","mechanics","rear drive"
"toyota","rav4",17000,2013,"with mileage",164500,"petrol",2,"silver","mechanics","front-wheel drive"
"citroen","c4",4000,2008,"with mileage",200000,"petrol",1.6,"black","auto","front-wheel drive"
"chrysler","pt-cruiser",3800,2003,"with mileage",240000,"petrol",2.4,"burgundy","auto","front-wheel drive"
"mazda","323f",1890,1995,"with mileage",300000,"petrol",1.5,"green","mechanics","front-wheel drive"
"mercedes-benz","e-klass",1100,1985,"with mileage",400000,"petrol",3,"black","mechanics","rear drive"
"bmw","5-seriya",4700,2000,"with mileage",400000,"diesel",2.5,"silver","mechanics","rear drive"
"opel","sintra",2600,1997,"with mileage",367943,"petrol",2.2,"green","mechanics","front-wheel drive"
"great-wall","hover-h3",4300,2008,"with mileage",30000,"petrol",2.4,"silver","mechanics","part-time four-wheel drive"
"renault","laguna",950,1996,"with mileage",111111,"petrol",1.8,"green","mechanics","front-wheel drive"
"volkswagen","touran",7100,2007,"with mileage",367000,"diesel",1.9,"silver","mechanics","front-wheel drive"
"fiat","marea",856,1997,"with mileage",400000,"diesel",1.9,"white","mechanics",""
"opel","astra",3140,2002,"with mileage",258000,"petrol",2.2,"silver","mechanics","front-wheel drive"
"mitsubishi","pajero-sport",6450,2004,"with mileage",185000,"petrol",3,"black","mechanics","part-time four-wheel drive"
"alfa-romeo","156",2000,1999,"with mileage",150000,"petrol",1.8,"silver","mechanics","front-wheel drive"
"opel","omega",2550,2003,"with mileage",340000,"petrol",2.2,"gray","mechanics","rear drive"
"renault","sandero",3750,2009,"with mileage",180000,"petrol",1.2,"red","mechanics","front-wheel drive"
"opel","astra",8700,2011,"with mileage",211000,"diesel",1.3,"silver","mechanics","front-wheel drive"
"kia","sportage",13000,2011,"with mileage",142000,"diesel",1.7,"silver","mechanics","front-wheel drive"
"audi","a4",5700,2002,"with mileage",405000,"diesel",2.5,"silver","auto","front-wheel drive"
"gaz","3110",750,1998,"with mileage",11111,"petrol",2.4,"silver","mechanics","rear drive"
"volkswagen","phaeton",6500,2003,"with mileage",180000,"petrol",3.2,"silver","auto","front-wheel drive"
"honda","cr-v",17000,2012,"with mileage",95000,"petrol",2,"black","auto","part-time four-wheel drive"
"renault","logan",6500,2017,"with mileage",140000,"petrol",1.6,"white","mechanics","front-wheel drive"
"ford","mondeo",4500,2001,"with mileage",222000,"petrol",2,"silver","mechanics","front-wheel drive"
"citroen","c5",4150,2001,"with mileage",296000,"diesel",2,"other","mechanics","front-wheel drive"
"toyota","camry",7800,2007,"with mileage",195000,"petrol",2.4,"black","auto","front-wheel drive"
"great-wall","hover",6300,2008,"with mileage",153000,"diesel",2.8,"black","mechanics","part-time four-wheel drive"
"peugeot","406",2500,1999,"with mileage",240000,"petrol",1.8,"gray","mechanics","front-wheel drive"
"kia","sorento",6000,2002,"with mileage",305000,"diesel",2.5,"white","mechanics","rear drive"
"nissan","primera",5100,2005,"with mileage",260000,"petrol",1.8,"silver","mechanics","front-wheel drive"
"opel","zafira",8650,2011,"with mileage",165,"petrol",1.796,"black","mechanics","front-wheel drive"
"ford","fiesta",13300,2019,"with mileage",14750,"petrol",1.6,"white","auto","front-wheel drive"
"nissan","qashqai",11300,2012,"with mileage",132500,"petrol",1.6,"purple","mechanics","front-wheel drive"
"volkswagen","passat",1800,1993,"with mileage",400000,"petrol",1.8,"burgundy","mechanics","front-wheel drive"
"toyota","carina-e",1300,1993,"with mileage",430778,"diesel",2,"black","mechanics","front-wheel drive"
"volkswagen","touran",10299,2010,"with mileage",180000,"petrol",1.4,"black","mechanics","front-wheel drive"
"kia","shuma",800,1999,"with mileage",212000,"petrol",1.5,"blue","auto","front-wheel drive"
"lada-vaz","2113",2300,2011,"with mileage",160000,"petrol",1.6,"silver","mechanics","front-wheel drive"
"toyota","camry",8500,2007,"with mileage",289.6812,"petrol",2.4,"gray","auto","front-wheel drive"
"mercedes-benz","190-w201",2500,1990,"with mileage",400000,"petrol",2,"silver","mechanics","rear drive"
"mini","cooper",4000,2001,"with mileage",243408,"petrol",1.6,"black","mechanics","front-wheel drive"
"citroen","c3-picasso",7500,2012,"with mileage",91300,"petrol",1.6,"black","auto","front-wheel drive"
"renault","megane",3950,2003,"with mileage",250000,"petrol",1.6,"silver","mechanics","front-wheel drive"
"audi","a5",12200,2011,"with mileage",73000,"petrol",2,"black","auto","all-wheel drive"
"opel","omega",1236,1994,"with mileage",30000,"petrol",2,"blue","mechanics","rear drive"
"citroen","c-crosser",12250,2011,"with mileage",174000,"petrol",2,"black","auto","part-time four-wheel drive"
"ford","transit-connect",2650,2002,"with mileage",580000,"diesel",2.5,"other","mechanics","rear drive"
"bmw","x5",18900,2012,"with mileage",134000,"petrol",4.4,"black","auto","part-time four-wheel drive"
"land-rover","range-rover-sport",49950,2016,"with mileage",78000,"diesel",3,"white","auto","all-wheel drive"
"mercedes-benz","c-klass",24000,2014,"with mileage",80000,"petrol",1.6,"white","auto","front-wheel drive"
"toyota","corolla",2500,1995,"with mileage",395000,"petrol",1.3,"red","auto","front-wheel drive"
"honda","civic",5450,2008,"with mileage",280000,"petrol",1.3,"blue","auto","front-wheel drive"
"volkswagen","golf",500,1988,"for parts",320000,"diesel",1.6,"blue","mechanics","front-wheel drive"
"mercedes-benz","e-klass",850,1987,"with mileage",350000,"petrol",3,"silver","auto","rear drive"
"ford","explorer",7500,2002,"with mileage",225,"petrol",4,"white","auto","part-time four-wheel drive"
"ford","focus",4700,2005,"with mileage",185000,"petrol",1.4,"white","mechanics","front-wheel drive"
"hyundai","santa-fe",19200,2013,"with mileage",88000,"petrol",2.4,"other","auto","part-time four-wheel drive"
"volkswagen","golf",1000,1976,"with damage",100,"petrol",1.6,"blue","mechanics",""
"honda","civic",5500,2008,"with mileage",260000,"petrol",1.4,"black","auto","front-wheel drive"
"volkswagen","golf",1600,1993,"with mileage",340000,"petrol",1.4,"red","mechanics","front-wheel drive"
"volkswagen","golf",1000,1984,"with mileage",1000,"diesel",1.6,"white","mechanics","front-wheel drive"
"volkswagen","jetta",850,1985,"with mileage",332000,"diesel",1.555,"other","mechanics","front-wheel drive"
"renault","trafic",8800,2009,"with mileage",400000,"diesel",2,"white","mechanics","front-wheel drive"
"eksklyuziv","kart",4600,2006,"with mileage",117911,"diesel",1.9,"black","mechanics","part-time four-wheel drive"
"renault","laguna",2300,2000,"with mileage",350,"petrol",1.6,"silver","mechanics","front-wheel drive"
"eksklyuziv","avtodom",39900,2008,"with mileage",140000,"diesel",2.3,"silver","mechanics","front-wheel drive"
"citroen","evasion",3750,2001,"with mileage",331000,"diesel",2,"silver","mechanics","front-wheel drive"
"opel","meriva",4600,2004,"with mileage",200000,"diesel",1.7,"silver","mechanics","front-wheel drive"
"citroen","c5",3890,2002,"with mileage",280000,"diesel",2.2,"black","auto","front-wheel drive"
"fiat","scudo",3250,2002,"with mileage",340000,"petrol",2,"blue","mechanics","front-wheel drive"
"peugeot","406",2100,1996,"with mileage",300,"diesel",1.9,"green","mechanics","front-wheel drive"
"volkswagen","polo-sedan",12200,2017,"with mileage",9000,"petrol",1.6,"black","mechanics","front-wheel drive"
"peugeot","406",3100,1997,"with mileage",310000,"petrol",2,"silver","mechanics","front-wheel drive"
"honda","fit",6399,2010,"with mileage",128747.2,"petrol",1.5,"gray","auto",""
"porsche","cayenne",8000,2004,"with mileage",220000,"petrol",4.5,"black","auto","all-wheel drive"
"mercedes-benz","c-klass",6150,2005,"with mileage",178800,"petrol",1.8,"black","auto","rear drive"
"renault","laguna",1000,1995,"with mileage",333333,"petrol",1.8,"green","mechanics","front-wheel drive"
"audi","100",550,1984,"with mileage",300194,"petrol",1.8,"silver","mechanics","front-wheel drive"
"peugeot","307",3430,2001,"with mileage",290000,"diesel",1.4,"silver","mechanics","front-wheel drive"
"toyota","corolla",800,1992,"with mileage",300000,"petrol",1.3,"silver","mechanics","front-wheel drive"
"bmw","5-seriya",13000,2007,"with mileage",260000,"diesel",3,"black","auto","rear drive"
"opel","astra",7900,2010,"with mileage",213000,"diesel",1.7,"gray","mechanics","front-wheel drive"
"mercedes-benz","m-klass",15687,2008,"with mileage",261500,"diesel",2.83,"black","auto","all-wheel drive"
"lada-vaz","2109",600,1988,"with mileage",500000,"petrol",1.5,"white","mechanics","front-wheel drive"
"peugeot","307",3700,2002,"with mileage",255000,"petrol",1.6,"green","mechanics","front-wheel drive"
"volvo","s40",6700,2007,"with mileage",350000,"diesel",1.6,"black","mechanics","front-wheel drive"
"daewoo","lanos",1093,1999,"with mileage",200000,"petrol",1.6,"red","mechanics","front-wheel drive"
"chevrolet","express",17500,2007,"with mileage",160934,"petrol",5.3,"black","auto","rear drive"
"audi","a4",3800,1997,"with mileage",342000,"petrol",1.6,"black","mechanics","front-wheel drive"
"moskvich","407",600,1963,"with mileage",47000,"petrol",1.5,"blue","mechanics","rear drive"
"bmw","5-seriya",2417,1998,"with mileage",416106,"diesel",2.498,"blue","auto","rear drive"
"citroen","xsara",2100,1997,"with mileage",309000,"petrol",1.8,"silver","mechanics","front-wheel drive"
"lancia","zeta",3499,1998,"with mileage",400000,"diesel",2.1,"silver","mechanics","front-wheel drive"
"mazda","626",1990,1998,"with mileage",265000,"petrol",1.8,"green","mechanics","front-wheel drive"
"mercedes-benz","s-klass",10999,2006,"with mileage",220000,"petrol",5,"black","auto","rear drive"
"ford","galaxy",6690,2002,"with mileage",330000,"diesel",1.9,"silver","mechanics","front-wheel drive"
"opel","zafira",4150,2001,"with mileage",300000,"diesel",2,"black","mechanics","front-wheel drive"
"bmw","x3",9700,2010,"with mileage",327400,"petrol",2.996,"burgundy","auto","all-wheel drive"
"citroen","c3-picasso",7400,2010,"with mileage",171000,"petrol",1.6,"gray","mechanics","front-wheel drive"
"infiniti","fx",7900,2003,"with mileage",305774.6,"petrol",3.5,"black","auto","part-time four-wheel drive"
"peugeot","605",1300,1995,"with mileage",300000,"petrol",2,"blue","mechanics","front-wheel drive"
"lexus","gs",10950,2008,"with mileage",208980,"petrol",3,"black","auto","rear drive"
"volkswagen","passat",6000,2006,"with mileage",213000,"petrol",2,"gray","mechanics","front-wheel drive"
"volkswagen","multivan",14500,2002,"with mileage",394500,"diesel",2.5,"silver","mechanics","front-wheel drive"
"volvo","s60",5500,2003,"with mileage",229000,"petrol",2.4,"burgundy","auto","front-wheel drive"
"renault","kangoo",12700,2016,"with mileage",90000,"diesel",1.5,"silver","mechanics","front-wheel drive"
"renault","espace",4900,2004,"with mileage",215066,"diesel",2.2,"gray","auto","front-wheel drive"
"mitsubishi","lancer",450,1996,"for parts",380000,"petrol",1.3,"red","mechanics","front-wheel drive"
"opel","vectra",600,1997,"with damage",200000,"petrol",1.6,"burgundy","mechanics","front-wheel drive"
"skoda","yeti",10000,2014,"with mileage",80000,"petrol",1.2,"white","auto","front-wheel drive"
"bmw","1-seriya",6950,2008,"with mileage",110000,"petrol",1.6,"white","auto","rear drive"
"mazda","xedos-6",1700,1993,"with mileage",281634.5,"petrol",2,"burgundy","mechanics","front-wheel drive"
"volkswagen","passat",6800,2006,"with mileage",210000,"diesel",2,"black","mechanics","front-wheel drive"
"peugeot","407",8699,2005,"with mileage",239000,"diesel",2.7,"black","auto","front-wheel drive"
"renault","scenic",3500,2001,"with mileage",317000,"diesel",1.9,"gray","mechanics","front-wheel drive"
"renault","grand-scenic",10199,2013,"with mileage",148500,"diesel",1.5,"brown","mechanics","front-wheel drive"
"nissan","altima",4400,2003,"with mileage",402335,"petrol",2.5,"silver","auto",""
"lexus","ct",13950,2011,"with mileage",168980.7,"petrol",1.8,"silver","auto","front-wheel drive"
"audi","a4",10999,2008,"with mileage",220695,"diesel",2,"blue","auto","front-wheel drive"
"volkswagen","golf",1100,1992,"with mileage",93000,"petrol",1.4,"silver","mechanics","front-wheel drive"
"opel","rekord",700,1985,"with mileage",1600,"petrol",2,"gray","mechanics","rear drive"
"opel","astra",2800,2002,"with mileage",219000,"diesel",1.7,"silver","mechanics","front-wheel drive"
"lada-vaz","vesta",12500,2019,"with mileage",27000,"petrol",1.6,"black","mechanics","front-wheel drive"
"lada-vaz","2121-niva",2500,1979,"with mileage",5000,"petrol",1.6,"blue","mechanics","all-wheel drive"
"bmw","5-seriya",18500,2009,"with mileage",250000,"petrol",3,"black","auto","rear drive"
"bmw","7-seriya",5000,1995,"with mileage",440000,"petrol",5.4,"black","auto","rear drive"
"kia","rio",7400,2014,"with mileage",115000,"petrol",1.4,"other","mechanics",""
"mercedes-benz","e-klass",7999,2008,"with mileage",153000,"diesel",2.2,"black","auto","rear drive"
"kia","rio",7500,2012,"with mileage",159000,"petrol",1.4,"gray","auto","front-wheel drive"
"renault","espace",3500,2003,"for parts",300000,"diesel",2.2,"silver","auto","front-wheel drive"
"renault","19",550,1992,"with mileage",320632,"diesel",1.9,"green","mechanics","front-wheel drive"
"fiat","tipo",500,1991,"with mileage",130000,"diesel",1.9,"gray","mechanics","front-wheel drive"
"volkswagen","sharan",6700,2002,"with mileage",376000,"diesel",1.9,"silver","mechanics","front-wheel drive"
"lada-vaz","largus",8319,2016,"with mileage",109182,"petrol",1.6,"brown","mechanics","front-wheel drive"
"renault","scenic",3800,2001,"with mileage",320000,"petrol",1.6,"white","mechanics","front-wheel drive"
"renault","grand-espace",4300,2001,"with mileage",345000,"diesel",2.2,"blue","mechanics","front-wheel drive"
"lexus","rx",17700,2009,"with mileage",110000,"petrol",3.5,"blue","auto","part-time four-wheel drive"
"mercedes-benz","e-klass",4300,1998,"with mileage",380000,"diesel",2.2,"silver","mechanics","rear drive"
"mazda","626",1500,1999,"with mileage",416000,"petrol",2,"green","mechanics","front-wheel drive"
"jaguar","xf",15900,2011,"with mileage",133814,"petrol",2.967,"white","auto","rear drive"
"skoda","fabia",9900,2015,"with mileage",90000,"diesel",1.4,"silver","mechanics","front-wheel drive"
"gaz","3110",700,1999,"with mileage",78000,"petrol",2.3,"green","mechanics","rear drive"
"chevrolet","tahoe",17826,2008,"with mileage",158500,"petrol",5.296,"black","auto","part-time four-wheel drive"
"renault","laguna",1790,1999,"with mileage",232000,"petrol",1.6,"green","mechanics","front-wheel drive"
"peugeot","206",2390,2000,"with mileage",290000,"petrol",1.4,"silver","mechanics","front-wheel drive"
"renault","logan",2400,2010,"with mileage",500000,"diesel",1.5,"blue","mechanics","front-wheel drive"
"mercedes-benz","c-klass",6499,2004,"with mileage",268000,"petrol",1.8,"black","auto","rear drive"
"ford","escort",1650,1996,"with mileage",10000,"petrol",1.6,"black","mechanics","front-wheel drive"
"bmw","3-seriya",1600,1992,"with mileage",425000,"petrol",1.8,"black","mechanics","rear drive"
"renault","espace",3800,1999,"with mileage",292000,"petrol",2,"silver","mechanics","front-wheel drive"
"peugeot","308",5950,2010,"with mileage",138800,"petrol",1.6,"black","mechanics","front-wheel drive"
"peugeot","partner",1900,1996,"with mileage",78788,"diesel",1.9,"white","mechanics","front-wheel drive"
"volkswagen","passat",11500,2012,"with mileage",170000,"petrol",1.8,"black","auto","front-wheel drive"
"bmw","7-seriya",6000,2001,"with mileage",373000,"diesel",4,"blue","auto","rear drive"
"mazda","3",7950,2010,"with mileage",83685.68,"petrol",2,"black","auto","front-wheel drive"
"mercedes-benz","c-klass",4200,2003,"with mileage",470000,"diesel",2.2,"blue","auto","rear drive"
"opel","sintra",2200,1997,"with mileage",400000,"petrol",2.2,"red","mechanics","front-wheel drive"
"renault","laguna",2200,1997,"with mileage",280000,"petrol",1.8,"gray","mechanics","front-wheel drive"
"volkswagen","jetta",900,1988,"with mileage",300000,"diesel",1.6,"black","mechanics","front-wheel drive"
"toyota","sienna",40000,2017,"with mileage",47000,"petrol",3.5,"silver","auto","all-wheel drive"
"bmw","3-seriya",900,1989,"with mileage",400000,"petrol",2,"black","mechanics","rear drive"
"chrysler","lhs",5200,1997,"with mileage",245550,"petrol",3.5,"gray","auto","front-wheel drive"
"chrysler","town-and-country",8700,2005,"with mileage",349226.78,"petrol",3.8,"silver","auto","front-wheel drive"
"opel","zafira",13500,2014,"with mileage",175000,"petrol",1.6,"silver","mechanics","front-wheel drive"
"volkswagen","passat",7199,2007,"with mileage",240000,"diesel",2,"black","mechanics","front-wheel drive"
"audi","a6",7700,2005,"with mileage",309,"petrol",2.4,"silver","auto","front-wheel drive"
"audi","80",600,1988,"with mileage",111111,"petrol",1.8,"black","mechanics","front-wheel drive"
"toyota","carina",400,1991,"with mileage",400000,"petrol",1.6,"white","mechanics","front-wheel drive"
"infiniti","fx",17700,2009,"with mileage",195000,"petrol",5,"black","auto","part-time four-wheel drive"
"renault","grand-espace",9900,2008,"with mileage",206000,"petrol",2,"blue","mechanics","front-wheel drive"
"toyota","yaris",3200,2003,"with mileage",154000,"petrol",1.1,"black","mechanics","front-wheel drive"
"skoda","octavia",7500,2010,"with mileage",168316,"petrol",1.2,"black","mechanics","front-wheel drive"
"kia","rio",5700,2011,"with mileage",111000,"petrol",1.4,"red","mechanics","front-wheel drive"
"ssangyong","kyron",7350,2007,"with mileage",172100,"diesel",2,"silver","auto","part-time four-wheel drive"
"mitsubishi","galant",618,1990,"with mileage",400000,"petrol",1.8,"burgundy","mechanics","front-wheel drive"
"volkswagen","touran",15500,2015,"with mileage",137400,"diesel",1.6,"silver","auto","front-wheel drive"
"mazda","6",4400,2002,"with mileage",280000,"diesel",2,"gray","mechanics","front-wheel drive"
"lifan","solano",5229,2013,"with mileage",70000,"petrol",1.6,"white","mechanics","front-wheel drive"
"nissan","qashqai-2",10699,2009,"with mileage",82000,"petrol",2,"black","auto","part-time four-wheel drive"
"mazda","cx-7",7800,2007,"with mileage",230000,"petrol",2.3,"gray","mechanics","all-wheel drive"
"citroen","xantia",1700,1998,"with mileage",350000,"petrol",1.8,"green","mechanics","front-wheel drive"
"mercedes-benz","e-klass",22000,2014,"with mileage",103000,"petrol",2,"black","auto","rear drive"
"ford","focus",2800,2002,"with mileage",250000,"petrol",2,"gray","auto","front-wheel drive"
"chrysler","voyager",1200,1997,"with mileage",350000,"petrol",2.4,"purple","mechanics","front-wheel drive"
"volkswagen","passat",8000,2007,"with mileage",219544,"diesel",1.9,"silver","mechanics","front-wheel drive"
"mazda","cx-7",5500,2007,"with mileage",215000,"petrol",2.3,"silver","auto","all-wheel drive"
"bmw","3-seriya",1300,1998,"with mileage",323000,"diesel",1.8,"silver","mechanics","rear drive"
"renault","espace",4500,2004,"with mileage",999999,"diesel",2.2,"silver","mechanics","front-wheel drive"
"audi","a4",7000,2005,"with mileage",410000,"diesel",2,"silver","mechanics","front-wheel drive"
"infiniti","fx",14700,2008,"with mileage",138000,"petrol",3.5,"white","auto","all-wheel drive"
"toyota","rav4",25400,2018,"with mileage",38000,"petrol",2,"black","auto","part-time four-wheel drive"
"audi","a6",10500,2008,"with mileage",217000,"diesel",2,"black","mechanics","front-wheel drive"
"opel","omega",1100,1994,"with mileage",330000,"petrol",2,"gray","auto","rear drive"
"renault","19",230,1993,"with mileage",335000,"petrol",1.8,"burgundy","mechanics","front-wheel drive"
"volkswagen","transporter",10000,2002,"with mileage",322000,"diesel",2.5,"other","mechanics","front-wheel drive"
"lada-vaz","2105",500,1995,"with mileage",350000,"petrol",1.6,"red","mechanics","rear drive"
"bmw","x5",10700,2004,"with mileage",328000,"petrol",3,"white","auto","all-wheel drive"
"toyota","rav4",13000,2011,"with mileage",81000,"petrol",2,"gray","mechanics","front-wheel drive"
"renault","duster",12500,2017,"with mileage",78000,"petrol",2,"black","auto","part-time four-wheel drive"
"toyota","auris",14399,2016,"with mileage",45000,"diesel",1.6,"gray","mechanics","front-wheel drive"
"volkswagen","caddy",9999,2010,"with mileage",273397,"diesel",1.6,"blue","mechanics","front-wheel drive"
"bmw","7-seriya",10000,2005,"with mileage",227000,"petrol",4,"black","auto","rear drive"
"citroen","berlingo",1590,1998,"with mileage",177000,"petrol",1.8,"blue","mechanics","front-wheel drive"
"citroen","xantia",990,1999,"with mileage",465000,"diesel",1.9,"green","mechanics","front-wheel drive"
"mercedes-benz","s-klass",6000,1998,"with mileage",308450,"petrol",5,"blue","auto","rear drive"
"citroen","xsara",2000,2000,"with mileage",350000,"diesel",1.9,"green","mechanics","front-wheel drive"
"mercedes-benz","e-klass",2700,1994,"with mileage",250000,"diesel",2,"white","mechanics","rear drive"
"infiniti","qx56",10463,2005,"with mileage",95087,"petrol",5.552,"black","auto","part-time four-wheel drive"
"volkswagen","passat",500,1989,"for parts",350000,"petrol",1.8,"red","mechanics","front-wheel drive"
"peugeot","605",2000,1992,"with mileage",60000,"petrol",2,"other","mechanics","front-wheel drive"
"skoda","octavia",7600,2010,"with mileage",140000,"petrol",1.4,"gray","auto","front-wheel drive"
"volvo","v40",2500,1998,"with mileage",297000,"diesel",1.9,"red","mechanics","front-wheel drive"
"citroen","xantia",300,1996,"for parts",250000,"diesel",2.1,"green","mechanics","front-wheel drive"
"renault","laguna",3900,2001,"with mileage",328000,"diesel",1.899,"blue","mechanics","front-wheel drive"
"ford","fiesta",1300,1996,"with mileage",189000,"petrol",1.25,"green","mechanics","front-wheel drive"
"bmw","x5",12900,2006,"with mileage",300000,"diesel",3,"gray","auto","all-wheel drive"
"bmw","5-seriya",4600,1999,"with mileage",274000,"petrol",2.5,"black","auto","rear drive"
"mercedes-benz","e-klass",1500,1988,"with mileage",310000,"petrol",2.6,"silver","auto","rear drive"
"ford","mondeo",5800,2007,"with mileage",293000,"diesel",1.8,"black","mechanics","front-wheel drive"
"opel","signum",6850,2007,"with mileage",256000,"diesel",1.9,"silver","mechanics","front-wheel drive"
"bmw","5-seriya",6990,2002,"with mileage",235000,"petrol",2.5,"silver","auto","rear drive"
"nissan","primera",850,2000,"with mileage",260000,"diesel",2,"silver","mechanics","front-wheel drive"
"opel","zafira",5950,2003,"with mileage",270000,"diesel",2.2,"blue","mechanics",""
"volkswagen","transporter",7200,2004,"with mileage",550000,"diesel",1.9,"other","mechanics","front-wheel drive"
"opel","corsa",3100,2003,"with mileage",235000,"petrol",1.2,"black","mechanics","front-wheel drive"
"fiat","bravo",1500,1997,"with mileage",229000,"petrol",1.4,"green","mechanics","front-wheel drive"
"mitsubishi","lancer",8700,2014,"with mileage",126000,"petrol",1.6,"red","mechanics","front-wheel drive"
"mini","clubman",8950,2008,"with mileage",180000,"petrol",1.6,"brown","auto","front-wheel drive"
"subaru","impreza",13800,2006,"with mileage",217260.9,"petrol",2.5,"black","mechanics","all-wheel drive"
"lada-vaz","2107",850,1997,"with mileage",150000,"petrol",1.5,"red","mechanics",""
"hyundai","santa-fe",15999,2010,"with mileage",140000,"diesel",2.2,"black","auto","part-time four-wheel drive"
"opel","vectra",4600,2003,"with mileage",353,"diesel",2.171,"blue","mechanics","front-wheel drive"
"audi","100",2500,1990,"with mileage",0,"petrol",2.2,"blue","mechanics","all-wheel drive"
"hyundai","santa-fe",5250,2001,"with mileage",350000,"diesel",2,"silver","mechanics","front-wheel drive"
"volvo","s60",11200,2010,"with mileage",182000,"petrol",2,"silver","auto","front-wheel drive"
"chevrolet","equinox",17850,2018,"with mileage",22000,"petrol",1.5,"white","auto","part-time four-wheel drive"
"subaru","outback",8800,2008,"with mileage",260000,"petrol",2.5,"brown","auto","all-wheel drive"
"audi","a6",4250,2000,"with mileage",330000,"diesel",2.5,"green","auto","front-wheel drive"
"volkswagen","touareg",11490,2007,"with mileage",240000,"diesel",2.5,"black","auto","all-wheel drive"
"daewoo","espero",1350,1996,"with mileage",240,"petrol",1.8,"silver","mechanics","front-wheel drive"
"rover","400",1900,1999,"with mileage",300000,"petrol",1.6,"green","mechanics","front-wheel drive"
"mercedes-benz","e-klass",3500,1999,"with mileage",440000,"diesel",2,"other","auto","rear drive"
"renault","espace",5400,2003,"with mileage",360000,"diesel",1.9,"black","mechanics","front-wheel drive"
"volkswagen","transporter",5850,1997,"with mileage",464000,"diesel",2.5,"green","mechanics","front-wheel drive"
"citroen","xantia",1950,1999,"with mileage",264000,"petrol",1.8,"silver","mechanics","front-wheel drive"
"lexus","ls",18000,2007,"with mileage",34000,"petrol",4.6,"black","auto","rear drive"
"lexus","es",32500,2015,"with mileage",55000,"petrol",2.5,"white","auto","front-wheel drive"
"porsche","cayenne",12300,2006,"with mileage",258791,"petrol",4.5,"blue","auto",""
"opel","vectra",1900,1998,"with mileage",332711,"petrol",1.6,"green","mechanics","front-wheel drive"
"bmw","5-seriya",10300,2007,"with mileage",247000,"petrol",3,"blue","mechanics","rear drive"
"volkswagen","passat",2790,1995,"with mileage",320000,"petrol",2.8,"black","auto","front-wheel drive"
"ford","focus",4950,2007,"with mileage",350000,"diesel",1.8,"black","mechanics","front-wheel drive"
"renault","19",1000,1993,"with mileage",360000,"petrol",1.7,"gray","mechanics","front-wheel drive"
"peugeot","607",3800,2000,"with mileage",333222,"diesel",2.2,"blue","auto","front-wheel drive"
"bmw","x5",12000,2002,"with mileage",250000,"petrol",3,"black","auto","all-wheel drive"
"volkswagen","golf",1100,1989,"with mileage",290000,"petrol",1.3,"white","mechanics","front-wheel drive"
"opel","vectra",2720,2001,"with mileage",348000,"diesel",2.2,"silver","mechanics","front-wheel drive"
"volkswagen","touareg",8000,2003,"with mileage",240000,"petrol",4.2,"green","auto","part-time four-wheel drive"
"land-rover","range-rover",8600,2003,"with mileage",297000,"diesel",3,"black","auto","all-wheel drive"
"volkswagen","golf",5550,2006,"with mileage",315000,"diesel",2,"white","mechanics","front-wheel drive"
"mitsubishi","space-gear",4000,1995,"with mileage",400000,"diesel",2.5,"silver","mechanics","rear drive"
"bmw","3-seriya",1001,1985,"with mileage",280000,"petrol",1.8,"white","mechanics","rear drive"
"renault","grand-scenic",7900,2010,"with mileage",240000,"diesel",1.5,"black","mechanics","front-wheel drive"
"audi","100",2800,1993,"with mileage",410000,"petrol",2.8,"burgundy","auto","all-wheel drive"
"volkswagen","golf",6200,2007,"with mileage",401000,"diesel",2,"black","mechanics","front-wheel drive"
"mazda","6",8700,2008,"with mileage",260000,"petrol",2,"blue","mechanics","front-wheel drive"
"mercedes-benz","c-klass",4250,2001,"with mileage",235000,"petrol",2,"silver","auto","rear drive"
"lexus","ct",13250,2011,"with mileage",132000,"petrol",1.8,"black","auto","front-wheel drive"
"jeep","grand-cherokee",12000,2005,"with mileage",234000,"diesel",3,"gray","auto","all-wheel drive"
"kia","sportage",23500,2016,"with mileage",61000,"petrol",1.6,"other","auto","part-time four-wheel drive"
"volkswagen","touareg",9000,2004,"with mileage",303000,"diesel",2.5,"black","mechanics","all-wheel drive"
"opel","signum",5400,2003,"with mileage",371000,"diesel",2.2,"blue","auto","front-wheel drive"
"toyota","camry",6250,2004,"with mileage",160934,"petrol",2.4,"silver","auto","front-wheel drive"
"mazda","626",1500,2001,"with mileage",300000,"diesel",2,"other","mechanics","front-wheel drive"
"mercedes-benz","e-klass",2700,1988,"with mileage",309500,"petrol",2.6,"blue","mechanics","rear drive"
"volkswagen","passat",1450,1991,"with mileage",480000,"diesel",1.6,"white","mechanics",""
"audi","a8",15700,2010,"with mileage",176000,"petrol",4.2,"black","auto","all-wheel drive"
"ssangyong","kyron",7800,2006,"with mileage",210100,"diesel",2,"black","auto","part-time four-wheel drive"
"bmw","3-seriya",1700,1993,"with mileage",350000,"petrol",1.8,"gray","mechanics","rear drive"
"daewoo","leganza",1100,1998,"with mileage",380000,"petrol",2,"silver","mechanics","front-wheel drive"
"daewoo","nubira",900,1998,"with mileage",320000,"petrol",1.6,"black","auto","front-wheel drive"
"lada-vaz","granta",6400,2018,"with mileage",26000,"petrol",1.6,"black","mechanics","front-wheel drive"
"hyundai","grand-santa-fe",26499,2014,"with mileage",75000,"diesel",2.2,"black","auto","part-time four-wheel drive"
"mercedes-benz","v-klass",59900,2016,"with mileage",40900,"diesel",2.2,"black","auto","all-wheel drive"
"audi","a4",2650,1997,"with mileage",435000,"diesel",1.9,"blue","mechanics","front-wheel drive"
"opel","omega",1900,1995,"with mileage",498000,"diesel",2.5,"blue","mechanics","rear drive"
"renault","laguna",3650,2003,"with mileage",305000,"diesel",1.9,"silver","mechanics","front-wheel drive"
"rover","75",5999,2004,"with mileage",231700,"diesel",2,"blue","auto","front-wheel drive"
"fiat","punto",2200,2001,"with mileage",22500,"petrol",1.2,"silver","mechanics","front-wheel drive"
"audi","100",1000,1987,"with mileage",270000,"petrol",1.8,"white","mechanics","front-wheel drive"
"hyundai","accent",570,1995,"with damage",248590,"petrol",1.3,"green","mechanics",""
"kia","sportage",2700,1998,"with mileage",314898,"diesel",2,"blue","mechanics","part-time four-wheel drive"
"volkswagen","polo-sedan",11000,2015,"with mileage",67400,"petrol",1.6,"black","auto","front-wheel drive"
"hyundai","ix35",11700,2010,"with mileage",130000,"petrol",2,"brown","mechanics","front-wheel drive"
"audi","a4",3700,1999,"with mileage",316000,"diesel",2.5,"silver","auto","front-wheel drive"
"renault","megane",900,1996,"with mileage",245000,"petrol",1.6,"red","mechanics","front-wheel drive"
"opel","astra",2500,2000,"with mileage",308700,"diesel",2,"black","mechanics","front-wheel drive"
"subaru","wrx",22900,2014,"with mileage",84000,"petrol",2,"red","auto","all-wheel drive"
"citroen","c5",8000,2009,"with mileage",232000,"diesel",2,"other","mechanics","front-wheel drive"
"mercedes-benz","e-klass",10690,2007,"with mileage",300000,"diesel",3.2,"black","auto","rear drive"
"land-rover","discovery",9450,2004,"with mileage",304000,"diesel",2.7,"blue","auto","all-wheel drive"
"mercedes-benz","e-klass",18000,2012,"with mileage",109000,"petrol",1.8,"white","auto","rear drive"
"mercedes-benz","e-klass",1000,1984,"with mileage",350000,"diesel",2,"black","mechanics","rear drive"
"ford","focus",15150,2018,"with mileage",25000,"petrol",1.6,"gray","mechanics","front-wheel drive"
"toyota","avensis",8100,2007,"with mileage",217000,"diesel",2.2,"black","mechanics","front-wheel drive"
"mercedes-benz","e-klass",5800,2000,"with mileage",1000000,"diesel",2.7,"blue","auto","rear drive"
"nissan","terrano",8850,2004,"with mileage",303800,"diesel",2.7,"gray","mechanics","part-time four-wheel drive"
"nissan","almera-classic",4500,2006,"with mileage",150000,"petrol",1.6,"silver","mechanics","front-wheel drive"
"opel","zafira",5000,2003,"with mileage",300000,"diesel",2,"blue","mechanics","front-wheel drive"
"renault","scenic",3150,1999,"with mileage",201000,"petrol",1.6,"green","mechanics","front-wheel drive"
"toyota","yaris",5000,2007,"with mileage",189000,"diesel",1.4,"silver","mechanics","front-wheel drive"
"mercedes-benz","g-klass-amg",25000,2005,"with mileage",305000,"petrol",5.439,"black","auto","all-wheel drive"
"peugeot","605",475,1996,"with mileage",1111,"petrol",2,"silver","mechanics","front-wheel drive"
"opel","astra",7200,2011,"with mileage",120000,"petrol",1.4,"black","mechanics","front-wheel drive"
"renault","laguna",2200,2000,"with mileage",326899,"petrol",1.8,"silver","mechanics","front-wheel drive"
"peugeot","206",3803,2008,"with mileage",88000,"petrol",1.4,"blue","mechanics","front-wheel drive"
"opel","zafira",4300,2002,"with mileage",343000,"diesel",2,"silver","mechanics","front-wheel drive"
"peugeot","308",9800,2015,"with mileage",163000,"diesel",1.6,"black","mechanics","front-wheel drive"
"nissan","almera",399,1998,"with mileage",222222,"diesel",2,"green","mechanics","front-wheel drive"
"mercedes-benz","c-klass",9750,2010,"with mileage",240000,"petrol",1.8,"black","auto","rear drive"
"toyota","aygo",3800,2007,"with mileage",112000,"petrol",1,"other","mechanics","front-wheel drive"
"audi","80",2010,1987,"with mileage",300000,"petrol",1.8,"gray","mechanics","front-wheel drive"
"renault","scenic",8600,2011,"with mileage",180000,"diesel",1.469,"gray","auto","front-wheel drive"
"peugeot","406",2900,2001,"with mileage",430000,"diesel",2.2,"silver","mechanics","front-wheel drive"
"toyota","land-cruiser-prado",25800,2010,"with mileage",238640,"diesel",3,"black","auto","part-time four-wheel drive"
"kia","sorento",15200,2013,"with mileage",74000,"petrol",2.4,"black","mechanics","part-time four-wheel drive"
"volkswagen","golf",6000,2006,"with mileage",150000,"petrol",1.6,"black","mechanics","front-wheel drive"
"bmw","x5",15500,2008,"with mileage",193000,"petrol",4.8,"black","auto","all-wheel drive"
"toyota","land-cruiser",9950,1990,"with mileage",312000,"diesel",4.2,"silver","mechanics",""
"mercedes-benz","c-klass",9800,2008,"with mileage",185000,"petrol",2.5,"blue","auto","rear drive"
"nissan","teana",6400,2007,"with mileage",198000,"petrol",2,"blue","auto","front-wheel drive"
"chevrolet","cruze",9950,2011,"with mileage",82076.34,"petrol",1.4,"burgundy","auto","front-wheel drive"
"daewoo","lanos",1000,1998,"with mileage",230000,"petrol",1.4,"green","mechanics","front-wheel drive"
"subaru","vivio",1000,2000,"with mileage",200000,"petrol",0.75,"other","mechanics","front-wheel drive"
"volkswagen","passat",1400,1992,"with mileage",280000,"petrol",2,"burgundy","mechanics","front-wheel drive"
"mazda","3",4999,2006,"with mileage",205000,"petrol",1.6,"red","mechanics","front-wheel drive"
"mazda","626",2200,2000,"with mileage",320000,"diesel",2,"black","mechanics","front-wheel drive"
"mazda","cx-7",8300,2007,"with mileage",150000,"petrol",2.3,"silver","auto","front-wheel drive"
"volkswagen","passat",1800,1993,"with mileage",380000,"petrol",1.8,"burgundy","mechanics","front-wheel drive"
"mazda","6",7450,2008,"with mileage",199900,"petrol",2,"red","mechanics","front-wheel drive"
"volvo","xc60",24500,2015,"with mileage",124008,"diesel",2,"black","mechanics","front-wheel drive"
"citroen","c4-picasso",4400,2007,"with mileage",224000,"petrol",2,"blue","auto","front-wheel drive"
"opel","astra",6850,2010,"with mileage",168550,"petrol",1.4,"silver","mechanics","front-wheel drive"
"peugeot","405",1200,1989,"with mileage",399000,"petrol",1.9,"silver","mechanics","front-wheel drive"
"volvo","460",300,1995,"with mileage",320000,"petrol",1.8,"burgundy","mechanics","front-wheel drive"
"renault","megane",1300,1999,"with mileage",350000,"petrol",1.6,"white","mechanics",""
"renault","scenic",2100,1997,"with mileage",40000,"petrol",2,"other","mechanics","front-wheel drive"
"audi","80",2400,1991,"with mileage",280000,"petrol",2,"green","auto","front-wheel drive"
"bmw","7-seriya",3500,1995,"with mileage",504000,"petrol",2.8,"black","mechanics","rear drive"
"kia","sephia",600,1999,"for parts",207405,"petrol",1.5,"red","mechanics",""
"opel","corsa",4800,2007,"with mileage",197000,"petrol",1.4,"black","mechanics","front-wheel drive"
"kia","soul",12500,2014,"with mileage",95000,"petrol",1.6,"red","mechanics","front-wheel drive"
"lexus","ls",16000,2007,"with mileage",240000,"petrol",4.6,"black","auto","rear drive"
"volkswagen","passat",7800,2008,"with mileage",230000,"diesel",1.9,"silver","mechanics","front-wheel drive"
"geely","atlas",17500,2018,"with mileage",19500,"petrol",2.4,"black","auto","front-wheel drive"
"skoda","superb",18200,2015,"with mileage",163000,"diesel",1.6,"gray","mechanics","front-wheel drive"
"hyundai","accent",7300,2011,"with mileage",148000,"petrol",1.6,"gray","mechanics","front-wheel drive"
"peugeot","308",6655,2010,"with mileage",93500,"petrol",1.6,"black","mechanics","front-wheel drive"
"hyundai","ix35",10500,2010,"with mileage",69641,"petrol",2,"gray","mechanics","front-wheel drive"
"ford","s-max",6000,2006,"with mileage",153000,"petrol",2.5,"blue","mechanics","front-wheel drive"
"lada-vaz","2105",550,1986,"with mileage",100,"petrol",1.5,"white","mechanics",""
"nissan","qashqai",19500,2016,"with mileage",36000,"petrol",2,"white","auto","part-time four-wheel drive"
"volkswagen","passat",7000,2010,"with mileage",220000,"diesel",1.6,"red","mechanics","front-wheel drive"
"toyota","land-cruiser",56789,2016,"with mileage",80000,"diesel",4.5,"black","auto","all-wheel drive"
"buick","encore",12500,2015,"with mileage",52000,"petrol",1.4,"black","auto","front-wheel drive"
"bmw","3-seriya",2500,1997,"with mileage",4444523,"diesel",1.8,"black","mechanics",""
"nissan","cherry",250,1985,"with mileage",260000,"diesel",1.7,"red","mechanics","front-wheel drive"
"ford","ecosport",10500,2014,"with mileage",95000,"petrol",1.6,"black","auto","front-wheel drive"
"jeep","grand-cherokee",13200,2010,"with mileage",250000,"petrol",3.6,"silver","auto",""
"bmw","5-seriya",9700,2007,"with mileage",235000,"petrol",2.5,"black","auto","rear drive"
"audi","100",3250,1992,"with mileage",425000,"diesel",2.5,"white","mechanics","front-wheel drive"
"renault","scenic",2250,1999,"with mileage",243564,"petrol",2,"blue","mechanics","front-wheel drive"
"bmw","5-seriya",6300,2002,"with mileage",400000,"diesel",3,"silver","auto","rear drive"
"audi","a6",6700,2004,"with mileage",375000,"diesel",2.5,"blue","mechanics","front-wheel drive"
"volkswagen","multivan",12500,2002,"with mileage",270000,"diesel",2.5,"silver","mechanics","front-wheel drive"
"bmw","5-seriya",4500,1999,"with mileage",300000,"petrol",3.5,"green","mechanics","rear drive"
"volkswagen","polo-sedan",7500,2014,"with mileage",90000,"petrol",1.6,"gray","mechanics","front-wheel drive"
"bmw","5-seriya",8300,2006,"with mileage",315000,"diesel",2,"silver","mechanics","rear drive"
"audi","q3",13500,2012,"with mileage",179000,"petrol",2,"black","auto","part-time four-wheel drive"
"audi","a6",10900,2008,"with mileage",249000,"petrol",2.8,"black","auto","front-wheel drive"
"ford","mondeo",700,1993,"with mileage",300000,"petrol",1.6,"other","mechanics","front-wheel drive"
"ford","focus",2999,2000,"with mileage",249000,"diesel",1.8,"black","mechanics","front-wheel drive"
"bmw","3-seriya",1000,1992,"with mileage",250000,"petrol",1.6,"green","mechanics","rear drive"
"mercedes-benz","m-klass",9300,2006,"with mileage",141000,"petrol",3.5,"black","auto","all-wheel drive"
"citroen","xm",700,1995,"with mileage",224000,"petrol",2,"green","mechanics","front-wheel drive"
"mazda","626",350,1991,"with mileage",360000,"petrol",1.796,"gray","mechanics","front-wheel drive"
"mitsubishi","galant",300,1988,"for parts",999999,"petrol",2,"blue","mechanics","front-wheel drive"
"bmw","5-seriya",5300,2002,"with mileage",320000,"diesel",2.5,"green","auto","rear drive"
"mazda","6",7900,2008,"with mileage",155000,"petrol",2,"other","auto","front-wheel drive"
"audi","a4",5000,1999,"with mileage",372000,"diesel",1.9,"green","mechanics","front-wheel drive"
"mercedes-benz","a-klass",2280,1998,"with mileage",272525,"petrol",1.6,"green","mechanics","front-wheel drive"
"renault","megane",1250,1997,"with mileage",320000,"petrol",1.6,"blue","mechanics","front-wheel drive"
"mercedes-benz","e-klass",4500,1998,"with mileage",450000,"diesel",2.5,"black","mechanics","rear drive"
"volkswagen","passat",7450,2007,"with mileage",285000,"diesel",2,"blue","mechanics","front-wheel drive"
"mazda","cx-7",6900,2006,"with mileage",216000,"petrol",2.3,"white","auto","front-wheel drive"
"nissan","qashqai-2",11800,2010,"with mileage",241000,"diesel",1.5,"silver","mechanics","front-wheel drive"
"mercedes-benz","e-klass",700,1982,"with mileage",3466654,"diesel",2,"burgundy","mechanics","rear drive"
"opel","astra",2050,1999,"with mileage",320000,"petrol",1.6,"gray","mechanics","front-wheel drive"
"proton","persona",1200,1996,"with mileage",250000,"petrol",1.3,"other","mechanics","front-wheel drive"
"audi","a6",7000,2006,"with mileage",318602,"petrol",3.2,"silver","auto","all-wheel drive"
"volkswagen","passat",7606,2010,"with mileage",180000,"petrol",1.4,"silver","auto","front-wheel drive"
"renault","laguna",2500,1996,"with mileage",450000,"diesel",2.2,"red","mechanics","front-wheel drive"
"peugeot","306",2400,2000,"with mileage",360000,"diesel",1.9,"silver","mechanics","front-wheel drive"
"lexus","gs",12500,2008,"with mileage",242000,"petrol",3.5,"black","auto","rear drive"
"volkswagen","touareg",16950,2011,"with mileage",132000,"petrol",3,"gray","auto","part-time four-wheel drive"
"skoda","octavia",8700,2011,"with mileage",110000,"petrol",1.6,"black","mechanics","front-wheel drive"
"bmw","3-seriya",1500,1991,"with mileage",300000,"petrol",1.8,"black","mechanics","rear drive"
"ford","mondeo",1750,1998,"with mileage",312000,"diesel",1.8,"blue","mechanics","front-wheel drive"
"opel","corsa",4800,2009,"with mileage",120000,"petrol",1.2,"blue","mechanics","front-wheel drive"
"nissan","almera-tino",2700,2001,"with mileage",247000,"diesel",2.2,"silver","mechanics","front-wheel drive"
"volkswagen","polo-sedan",9700,2018,"with mileage",51400,"petrol",1.6,"gray","mechanics","front-wheel drive"
"ford","fiesta",500,1994,"with mileage",611000,"petrol",1.3,"red","mechanics","front-wheel drive"
"mazda","demio",2800,1999,"with mileage",219000,"petrol",1.3,"blue","mechanics","front-wheel drive"
"audi","q7",18300,2011,"with mileage",106761,"petrol",3,"white","auto","all-wheel drive"
"renault","scenic",7350,2010,"with mileage",250000,"diesel",1.5,"black","mechanics","front-wheel drive"
"mercedes-benz","m-klass",7999,2002,"with mileage",392000,"diesel",2.7,"silver","auto","all-wheel drive"
"chevrolet","lacetti",3500,2007,"with mileage",175000,"petrol",1.4,"blue","mechanics","front-wheel drive"
"toyota","auris",11550,2016,"with mileage",113631,"petrol",1.4,"silver","mechanics","front-wheel drive"
"kia","sephia",950,1997,"with mileage",245000,"petrol",1.6,"blue","mechanics","front-wheel drive"
"gaz","21",10800,1961,"with mileage",100000,"petrol",2.4,"gray","mechanics","rear drive"
"toyota","rav4",2111,2008,"with damage",123784,"petrol",2,"black","mechanics","part-time four-wheel drive"
"citroen","saxo",1188,1998,"with mileage",192000,"petrol",1.1,"blue","mechanics","front-wheel drive"
"mercedes-benz","gl-klass",36900,2013,"with mileage",148000,"diesel",3.5,"black","auto","all-wheel drive"
"bmw","5-seriya",4999,2001,"with mileage",355000,"diesel",1.951,"black","mechanics","rear drive"
"mercedes-benz","e-klass",9499,2007,"with mileage",350000,"diesel",2.2,"blue","mechanics","rear drive"
"opel","astra",1900,1999,"with mileage",231000,"petrol",2,"silver","mechanics","front-wheel drive"
"mazda","6",5450,2007,"with mileage",249887,"petrol",1.8,"silver","mechanics","front-wheel drive"
"opel","vectra",6000,2007,"with mileage",170000,"petrol",1.8,"gray","mechanics","front-wheel drive"
"mercedes-benz","cl",6200,2000,"with mileage",322000,"petrol",5,"black","auto","rear drive"
"honda","civic",2000,1998,"with mileage",300,"petrol",1.4,"purple","mechanics","front-wheel drive"
"bmw","2-seriya-gran-tourer",16700,2016,"with mileage",178000,"diesel",1.5,"white","auto","front-wheel drive"
"toyota","land-cruiser-prado",21500,2008,"with mileage",105000,"diesel",3,"silver","auto","all-wheel drive"
"volkswagen","touran",6893,2005,"with mileage",238095,"diesel",1.9,"black","mechanics","front-wheel drive"
"citroen","c5",3999,2004,"with mileage",234000,"petrol",2,"black","auto","front-wheel drive"
"citroen","c4-grand-picasso",9255,2010,"with mileage",275000,"diesel",1.56,"silver","mechanics","front-wheel drive"
"mitsubishi","galant",2995,2003,"with mileage",305774.6,"petrol",2.3,"silver","auto","front-wheel drive"
"ford","explorer",6500,2003,"with mileage",180000,"petrol",4,"black","auto","part-time four-wheel drive"
"ford","c-max",5950,2004,"with mileage",21800,"diesel",1.6,"silver","mechanics","front-wheel drive"
"bmw","x5",21000,2010,"with mileage",150000,"diesel",3.5,"black","auto","all-wheel drive"
"bmw","7-seriya",13500,2009,"with mileage",97000,"petrol",3,"black","auto","rear drive"
"mercedes-benz","vito",5000,1998,"with mileage",380000,"diesel",2.3,"silver","mechanics","front-wheel drive"
"opel","vectra",1050,1995,"with mileage",315000,"petrol",1.6,"green","mechanics","front-wheel drive"
"toyota","corolla",8200,2008,"with mileage",163000,"petrol",1.6,"black","mechanics","front-wheel drive"
"mercedes-benz","vito",14000,2006,"with mileage",420000,"diesel",2.2,"silver","mechanics","all-wheel drive"
"jaguar","xf",13900,2009,"with mileage",140000,"petrol",3,"white","auto","rear drive"
"hyundai","solaris",9200,2015,"with mileage",70000,"petrol",1.4,"white","mechanics","front-wheel drive"
"audi","100",1999,1989,"with mileage",350000,"petrol",1.8,"gray","mechanics","front-wheel drive"
"bmw","3-seriya",5500,2002,"with mileage",440000,"diesel",2,"black","mechanics","rear drive"
"mazda","626",1450,1997,"with mileage",290000,"petrol",2,"burgundy","auto","front-wheel drive"
"kia","optima",19300,2016,"with mileage",88000,"diesel",1.7,"white","mechanics","front-wheel drive"
"hyundai","santa-fe",9200,2006,"with mileage",358000,"diesel",2.2,"black","auto","front-wheel drive"
"bmw","x1",12499,2011,"with mileage",109900,"petrol",2,"brown","auto","rear drive"
"lexus","gs",2800,1993,"with mileage",111111,"petrol",3,"silver","auto","rear drive"
"renault","safrane",2500,1999,"with mileage",386000,"petrol",2.5,"blue","mechanics","front-wheel drive"
"infiniti","qx56",14000,2007,"with mileage",257494.4,"petrol",5.6,"black","auto","part-time four-wheel drive"
"opel","ascona",164,1985,"with mileage",3548,"diesel",1.6,"burgundy","mechanics","front-wheel drive"
"ford","focus",5000,2008,"with mileage",184000,"petrol",1.6,"blue","mechanics",""
"great-wall","hover-h3",6900,2011,"with mileage",212000,"petrol",2,"black","mechanics","part-time four-wheel drive"
"bmw","5-seriya",9600,2007,"with mileage",215000,"petrol",2.5,"black","auto","rear drive"
"audi","80",600,1986,"with mileage",9999,"petrol",1.6,"black","mechanics","front-wheel drive"
"volvo","v60",16900,2015,"with mileage",187000,"diesel",2,"black","mechanics","front-wheel drive"
"hyundai","accent",1399,1995,"with mileage",222222,"petrol",1.3,"red","mechanics","front-wheel drive"
"chevrolet","cruze",11000,2016,"with mileage",67000,"petrol",1.4,"black","auto","front-wheel drive"
"bmw","x5",15555,2005,"with mileage",360000,"diesel",3,"black","auto","all-wheel drive"
"opel","antara",10300,2010,"with mileage",130000,"petrol",2.4,"silver","auto","part-time four-wheel drive"
"ford","escort",500,1991,"with mileage",95000,"petrol",1.6,"blue","mechanics","front-wheel drive"
"ford","scorpio",2200,1996,"with mileage",301000,"petrol",2.3,"green","mechanics","rear drive"
"volkswagen","sharan",12999,2010,"with mileage",303000,"diesel",2,"silver","auto","front-wheel drive"
"toyota","highlander",21000,2010,"with mileage",150000,"petrol",3.5,"gray","auto","all-wheel drive"
"chrysler","300m",2800,1999,"with mileage",335000,"petrol",3.5,"other","auto","front-wheel drive"
"peugeot","406",3300,1999,"with mileage",335000,"diesel",2,"white","mechanics","front-wheel drive"
"mercedes-benz","gl-klass",37000,2013,"with mileage",171000,"diesel",3,"black","auto","all-wheel drive"
"volkswagen","passat",3700,1999,"with mileage",301000,"diesel",1.9,"burgundy","mechanics","front-wheel drive"
"opel","omega",2800,2000,"with mileage",402528,"diesel",2.5,"blue","mechanics","rear drive"
"nissan","primera",2700,1999,"with mileage",290000,"petrol",1.8,"silver","mechanics","front-wheel drive"
"mercedes-benz","e-klass",6000,2000,"with mileage",315000,"petrol",4.3,"other","auto","all-wheel drive"
"mazda","626",800,1995,"with mileage",210000,"petrol",2,"gray","mechanics","front-wheel drive"
"mazda","cx-7",7950,2008,"with mileage",140000,"petrol",2.3,"burgundy","auto","all-wheel drive"
"ford","focus",1800,1999,"with mileage",400000,"diesel",1.8,"green","mechanics","front-wheel drive"
"alfa-romeo","159",8800,2007,"with mileage",221000,"petrol",2.2,"black","auto","front-wheel drive"
"mitsubishi","galant",3900,2002,"with mileage",285000,"petrol",2.4,"silver","auto","front-wheel drive"
"mitsubishi","galant",1150,1997,"with mileage",350000,"diesel",2,"black","mechanics","front-wheel drive"
"infiniti","fx",8600,2005,"with mileage",210823.54,"petrol",3.5,"other","auto","all-wheel drive"
"alfa-romeo","166",2800,1999,"with mileage",438000,"diesel",2.4,"silver","mechanics","front-wheel drive"
"volkswagen","touran",6900,2004,"with mileage",230000,"diesel",1.9,"black","mechanics","front-wheel drive"
"bmw","5-seriya",4300,1999,"with mileage",283000,"petrol",2.494,"blue","auto","rear drive"
"hyundai","trajet",3100,2001,"with mileage",490000,"diesel",2,"black","auto","front-wheel drive"
"mitsubishi","galant",1600,1994,"with mileage",295,"petrol",1.8,"purple","auto","front-wheel drive"
"ford","explorer",12000,2007,"with mileage",90500,"petrol",4.6,"black","auto","all-wheel drive"
"zaz","1102-tavriya",850,2004,"with mileage",55000,"petrol",1.2,"white","mechanics","front-wheel drive"
"honda","civic",6000,2007,"with mileage",226000,"petrol",1.4,"black","mechanics","front-wheel drive"
"opel","astra",7250,2010,"with mileage",154000,"petrol",1.4,"black","mechanics","front-wheel drive"
"mercedes-benz","m-klass",5600,1999,"with mileage",230000,"petrol",3.2,"silver","auto","part-time four-wheel drive"
"rover","400",1800,1997,"with mileage",252000,"petrol",1.4,"green","mechanics","front-wheel drive"
"toyota","auris",6350,2010,"with mileage",170000,"diesel",1.4,"gray","mechanics","front-wheel drive"
"hyundai","trajet",4900,2003,"with mileage",350000,"diesel",2,"silver","auto","front-wheel drive"
"volvo","s80",6900,2007,"with mileage",343000,"petrol",4.4,"purple","auto","part-time four-wheel drive"
"mercedes-benz","a-klass",8700,2011,"with mileage",151500,"petrol",1.8,"white","auto","front-wheel drive"
"toyota","sienna",13850,2009,"with mileage",191511.46,"petrol",3.5,"black","auto","front-wheel drive"
"mazda","6",4699,2003,"with mileage",226916.94,"petrol",2.3,"silver","auto","front-wheel drive"
"ford","escort",1521,1999,"with mileage",1000000,"diesel",1.8,"white","mechanics","front-wheel drive"
"renault","trafic",2200,1995,"with mileage",120000,"diesel",2.2,"white","mechanics","front-wheel drive"
"fiat","brava",1200,1998,"with mileage",243000,"petrol",1.4,"other","mechanics","front-wheel drive"
"renault","laguna",7000,2010,"with mileage",313000,"diesel",1.5,"orange","mechanics","front-wheel drive"
"mazda","323",1350,1998,"with mileage",170000,"petrol",1.5,"burgundy","mechanics","front-wheel drive"
"mercedes-benz","vito",14000,2012,"with mileage",223260,"diesel",2.2,"white","mechanics","rear drive"
"audi","100",400,1988,"with mileage",368420,"petrol",1.8,"silver","mechanics","front-wheel drive"
"citroen","evasion",2999,1999,"with mileage",470000,"diesel",1.9,"silver","mechanics","front-wheel drive"
"infiniti","fx",8999,2008,"with mileage",189000,"petrol",4.5,"blue","auto","all-wheel drive"
"opel","meriva",5400,2008,"with mileage",205000,"petrol",1.6,"black","mechanics","front-wheel drive"
"audi","a8",4900,2000,"with mileage",333000,"diesel",2.5,"brown","auto","all-wheel drive"
"peugeot","605",1100,1993,"with mileage",370000,"petrol",2,"burgundy","mechanics","front-wheel drive"
"volkswagen","passat",2800,1996,"with mileage",186720,"diesel",1.9,"white","mechanics","front-wheel drive"
"mazda","3",4250,2007,"with mileage",278000,"petrol",1.6,"silver","mechanics","front-wheel drive"
"renault","logan",7500,2018,"with mileage",30000,"petrol",1.6,"white","mechanics","front-wheel drive"
"renault","scenic",2650,1998,"with mileage",299000,"petrol",1.6,"gray","mechanics","front-wheel drive"
"bmw","5-seriya",26700,2015,"with mileage",140000,"diesel",2,"silver","auto","rear drive"
"ford","tourneo-connect",15600,2015,"with mileage",153000,"diesel",1.6,"black","mechanics","front-wheel drive"
"nissan","primera",2500,2000,"with mileage",244000,"diesel",2,"silver","mechanics","front-wheel drive"
"volvo","xc90",13500,2007,"with mileage",320000,"diesel",2.4,"blue","auto","all-wheel drive"
"audi","a6",16500,2012,"with mileage",125000,"petrol",2,"black","auto","front-wheel drive"
"mercedes-benz","a-klass",3300,2000,"with mileage",300000,"petrol",1.6,"black","mechanics","front-wheel drive"
"peugeot","205",500,1991,"with mileage",300000,"petrol",1.4,"black","mechanics","front-wheel drive"
"citroen","evasion",3400,2001,"with mileage",415000,"petrol",2,"silver","mechanics","front-wheel drive"
"volvo","940",2100,1994,"with mileage",300000,"diesel",2.4,"blue","mechanics","rear drive"
"volkswagen","touran",6893,2005,"with mileage",287000,"diesel",2,"black","mechanics","front-wheel drive"
"ford","mondeo",1000,1996,"with mileage",1000,"diesel",1.8,"blue","mechanics",""
"bmw","3-seriya",2400,1992,"with mileage",300000,"petrol",2,"red","mechanics","rear drive"
"porsche","cayman",77000,2019,"with mileage",11,"petrol",2,"yellow","auto","rear drive"
"volvo","440",1700,1995,"with mileage",210000,"petrol",1.8,"blue","mechanics","front-wheel drive"
"lifan","solano",7500,2016,"with mileage",120000,"petrol",1.5,"gray","mechanics","front-wheel drive"
"rover","600",1700,1997,"with mileage",325680,"diesel",2,"green","mechanics","front-wheel drive"
"bmw","5-seriya",6100,2003,"with mileage",458595,"diesel",3,"black","auto","rear drive"
"opel","astra",12800,2016,"with mileage",157000,"diesel",1.6,"silver","mechanics","front-wheel drive"
"volkswagen","passat",4950,1999,"with mileage",330000,"diesel",1.9,"white","mechanics","front-wheel drive"
"bmw","7-seriya",13700,2007,"with mileage",210000,"diesel",3,"gray","auto","rear drive"
"bmw","3-seriya",4900,2001,"with mileage",354000,"petrol",1.9,"silver","auto","rear drive"
"volkswagen","passat",7500,2007,"with mileage",278900,"petrol",2,"black","auto","front-wheel drive"
"skoda","octavia",11500,2014,"with mileage",139938,"petrol",1.8,"blue","auto","front-wheel drive"
"bmw","5-seriya",8950,2003,"with mileage",398000,"diesel",3,"gray","auto","rear drive"
"mazda","cx-5",23100,2016,"with mileage",29899,"petrol",2,"black","auto","front-wheel drive"
"fiat","bravo",1000,1997,"with mileage",200000,"petrol",1.6,"red","mechanics","front-wheel drive"
"volvo","xc60",12900,2011,"with mileage",110,"petrol",2,"black","auto","front-wheel drive"
"bmw","5-seriya",13999,2011,"with mileage",165000,"petrol",2.5,"black","auto","rear drive"
"bmw","x6",24800,2011,"with mileage",225000,"diesel",4,"black","auto",""
"renault","kaptur",12600,2017,"with mileage",40000,"petrol",1.6,"white","mechanics","front-wheel drive"
"audi","100",1000,1986,"with mileage",55556,"diesel",1.6,"white","mechanics","front-wheel drive"
"opel","astra",2850,2002,"with mileage",230000,"diesel",1.7,"silver","mechanics","front-wheel drive"
"volvo","s80",13950,2011,"with mileage",145000,"petrol",3.2,"black","auto","all-wheel drive"
"skoda","octavia",14023,2014,"with mileage",83000,"petrol",1.6,"other","mechanics","front-wheel drive"
"mazda","6",3650,2003,"with mileage",315000,"petrol",2,"black","mechanics","front-wheel drive"
"hyundai","sonata",2000,1999,"with mileage",280000,"petrol",2,"blue","mechanics","front-wheel drive"
"chery","tiggo",4250,2009,"with mileage",150000,"petrol",1.8,"silver","mechanics","front-wheel drive"
"ford","fiesta",3550,2007,"with mileage",160000,"petrol",1.4,"gray","mechanics",""
"mitsubishi","asx",12500,2012,"with mileage",112170.998,"petrol",2,"black","auto","front-wheel drive"
"nissan","juke",10000,2011,"with mileage",102000,"petrol",1.6,"white","auto","front-wheel drive"
"lada-vaz","largus",7000,2014,"with mileage",15000,"petrol",1.6,"silver","mechanics","front-wheel drive"
"mazda","323f",2500,2001,"with mileage",300000,"petrol",1.6,"blue","mechanics","front-wheel drive"
"peugeot","807",6300,2004,"with mileage",360000,"diesel",2,"silver","mechanics","front-wheel drive"
"peugeot","406",2850,2000,"with mileage",253765,"petrol",1.8,"gray","mechanics","front-wheel drive"
"mazda","cx-7",8999,2009,"with mileage",162000,"petrol",2.3,"blue","auto","part-time four-wheel drive"
"ford","galaxy",5650,2001,"with mileage",349000,"diesel",1.9,"silver","mechanics","front-wheel drive"
"mercedes-benz","190-w201",1900,1986,"with mileage",405000,"diesel",2,"white","mechanics","rear drive"
"renault","espace",15250,2016,"with mileage",122000,"diesel",1.6,"brown","mechanics","front-wheel drive"
"mazda","6",5500,2007,"with mileage",389000,"petrol",2.3,"black","mechanics","front-wheel drive"
"skoda","fabia",3500,2005,"with mileage",122000,"petrol",1.2,"silver","mechanics","front-wheel drive"
"skoda","octavia",22790,2018,"with mileage",33800,"petrol",1.8,"gray","auto","front-wheel drive"
"hyundai","santa-fe",17500,2013,"with mileage",110000,"petrol",2.4,"brown","auto","all-wheel drive"
"nissan","almera",2900,2000,"with mileage",272000,"petrol",1.498,"red","mechanics","front-wheel drive"
"renault","kangoo",5000,1998,"with mileage",260000,"diesel",1.9,"yellow","mechanics","front-wheel drive"
"saab","9-5",3200,2002,"with mileage",217000,"petrol",2.3,"black","mechanics","front-wheel drive"
"ford","mondeo",15250,2016,"with mileage",81230,"petrol",2.5,"black","auto","front-wheel drive"
"peugeot","406",2200,1996,"with mileage",290000,"petrol",1.8,"silver","mechanics","front-wheel drive"
"suzuki","wagon-r",1300,1999,"with mileage",340000,"petrol",1.2,"green","mechanics","front-wheel drive"
"renault","scenic",4300,2002,"with mileage",319000,"petrol",2,"silver","mechanics",""
"mitsubishi","endeavor",7299,2004,"with mileage",260713.08,"petrol",3.8,"silver","auto","all-wheel drive"
"mercedes-benz","clk",3950,1998,"with mileage",400000,"petrol",2.3,"blue","auto","rear drive"
"citroen","xantia",1699,2000,"with mileage",390000,"diesel",2,"silver","mechanics","front-wheel drive"
"bmw","5-seriya",19000,2013,"with mileage",114000,"diesel",2,"black","auto","rear drive"
"bmw","7-seriya",18900,2009,"with mileage",220000,"diesel",3,"brown","auto","rear drive"
"mercedes-benz","s-klass",4600,2000,"with mileage",400000,"diesel",3.2,"blue","auto","rear drive"
"opel","corsa",6200,2011,"with mileage",221000,"petrol",1.4,"silver","auto",""
"hyundai","solaris",9700,2015,"with mileage",92000,"petrol",1.6,"white","auto","front-wheel drive"
"volkswagen","golf",4750,2004,"with mileage",310765,"diesel",2,"gray","mechanics","front-wheel drive"
"hyundai","santamo",1400,1998,"with mileage",230000,"petrol",2,"green","mechanics","front-wheel drive"
"renault","19",250,1992,"with mileage",10000,"petrol",1.8,"gray","mechanics","front-wheel drive"
"zaz","968",300,1979,"with mileage",27000,"petrol",1.2,"white","mechanics","rear drive"
"volkswagen","touran",7500,2007,"with mileage",264475,"diesel",2,"blue","auto","front-wheel drive"
"mercedes-benz","a-klass",12000,2013,"with mileage",113000,"petrol",1.6,"white","auto","front-wheel drive"
"peugeot","807",6500,2003,"with mileage",170000,"diesel",2.2,"blue","auto","front-wheel drive"
"hyundai","accent",8150,2013,"with mileage",83000,"petrol",1.4,"white","auto","front-wheel drive"
"uaz","452",3400,2008,"with mileage",99000,"petrol",2.8,"gray","mechanics","part-time four-wheel drive"
"audi","a6",5000,2000,"with mileage",333333,"diesel",2.5,"silver","mechanics","front-wheel drive"
"gaz","3110",951,1998,"with mileage",96872,"petrol",2.4,"black","mechanics","rear drive"
"fiat","tipo",700,1992,"with mileage",27000,"diesel",1.9,"red","mechanics","front-wheel drive"
"lada-vaz","2108",1300,1990,"with mileage",82000,"petrol",1.3,"white","mechanics","front-wheel drive"
"audi","80",1000,1987,"with mileage",350000,"petrol",1.8,"black","mechanics","front-wheel drive"
"citroen","xsara",3300,2001,"with mileage",350000,"diesel",2,"black","mechanics","front-wheel drive"
"renault","vel-satis",4300,2003,"with mileage",326000,"diesel",2.2,"gray","mechanics","front-wheel drive"
"volkswagen","bora",3300,1999,"with mileage",310000,"petrol",2,"green","mechanics","front-wheel drive"
"subaru","legacy",10750,2008,"with mileage",17000,"diesel",2,"silver","mechanics","all-wheel drive"
"fiat","stilo",3100,2004,"with mileage",220000,"diesel",1.9,"blue","mechanics","front-wheel drive"
"lada-vaz","2109",650,1990,"with mileage",200000,"petrol",1.3,"silver","mechanics","front-wheel drive"
"seat","ibiza",7000,2010,"with mileage",132000,"petrol",1.4,"red","auto","front-wheel drive"
"mitsubishi","outlander",22400,2018,"with mileage",28000,"petrol",2,"white","auto","front-wheel drive"
"kia","sportage",15500,2014,"with mileage",70000,"petrol",2,"orange","auto","all-wheel drive"
"chevrolet","tahoe",9000,2002,"with mileage",474.7553,"petrol",5.3,"black","auto","part-time four-wheel drive"
"skoda","octavia",7600,2011,"with mileage",147000,"petrol",1.8,"silver","mechanics","front-wheel drive"
"bmw","5-seriya",9800,2007,"with mileage",118,"petrol",2.997,"black","auto","rear drive"
"ford","escort",1300,1997,"with mileage",333,"diesel",1.8,"blue","mechanics","front-wheel drive"
"peugeot","307",4000,2002,"with mileage",287000,"petrol",1.6,"silver","auto","front-wheel drive"
"bmw","x6",13700,2008,"with mileage",165000,"petrol",4.4,"black","auto","all-wheel drive"
"renault","laguna",2000,1996,"with mileage",380000,"diesel",2.2,"black","mechanics","front-wheel drive"
"saab","9-3",2390,2001,"with mileage",435000,"diesel",2.2,"black","mechanics","front-wheel drive"
"skoda","octavia",10900,2014,"with mileage",176000,"petrol",1.8,"brown","mechanics",""
"mercedes-benz","e-klass",3327,1998,"with mileage",420000,"petrol",2.4,"blue","auto","rear drive"
"opel","astra",4500,2008,"with mileage",257000,"diesel",1.3,"blue","mechanics","front-wheel drive"
"audi","a6",5100,1996,"with mileage",426991,"diesel",2.499,"black","mechanics","all-wheel drive"
"toyota","rav4",9000,2006,"with mileage",257000,"petrol",2.4,"other","auto","front-wheel drive"
"bmw","x5",6950,2001,"with mileage",301000,"petrol",4.4,"white","auto","all-wheel drive"
"zaz","968",350,1980,"with mileage",80000,"petrol",1.1,"green","mechanics","rear drive"
"opel","zafira",12999,2013,"with mileage",160000,"diesel",1.6,"black","mechanics","front-wheel drive"
"toyota","iq",5700,2009,"with mileage",138000,"petrol",1,"white","mechanics","front-wheel drive"
"volkswagen","touareg",12950,2008,"with mileage",183000,"diesel",2.5,"black","auto",""
"seat","alhambra",6500,2001,"with mileage",299000,"diesel",1.9,"silver","mechanics","front-wheel drive"
"nissan","juke",8999,2011,"with mileage",129000,"petrol",1.6,"other","mechanics","front-wheel drive"
"ford","orion",450,1992,"for parts",200000,"petrol",2,"burgundy","mechanics","front-wheel drive"
"volkswagen","vento",1400,1997,"with mileage",22530.76,"petrol",2,"green","mechanics","front-wheel drive"
"infiniti","fx",9999,2007,"with mileage",190,"petrol",4.5,"black","auto","part-time four-wheel drive"
"bmw","5-seriya",22000,2012,"with mileage",235000,"diesel",3,"black","auto","all-wheel drive"
"subaru","legacy",2750,1994,"with mileage",494000,"petrol",2,"green","mechanics","all-wheel drive"
"mercedes-benz","190-w201",700,1989,"with mileage",300000,"petrol",2,"white","auto","rear drive"
"mazda","6",5450,2006,"with mileage",227000,"petrol",1.8,"purple","mechanics","front-wheel drive"
"bmw","5-seriya",5600,1998,"with mileage",300000,"petrol",3.5,"black","auto","rear drive"
"mazda","121",1200,1992,"with mileage",270000,"petrol",1.3,"green","mechanics","front-wheel drive"
"citroen","xsara",3100,2005,"with mileage",207000,"diesel",1.4,"silver","mechanics","front-wheel drive"
"nissan","leaf",15649,2016,"with mileage",15321,"electrocar",NA,"other","auto","front-wheel drive"
"citroen","c5",8350,2009,"with mileage",234000,"diesel",1.6,"black","mechanics","front-wheel drive"
"volkswagen","golf",1400,1991,"with mileage",229000,"petrol",1.3,"other","mechanics","front-wheel drive"
"mazda","cx-7",6100,2006,"with mileage",150000,"petrol",2.3,"burgundy","auto","front-wheel drive"
"citroen","xsara",2490,2000,"with mileage",268500,"petrol",1.6,"blue","mechanics","front-wheel drive"
"volkswagen","transporter",6250,2000,"with mileage",409000,"diesel",1.9,"white","mechanics","front-wheel drive"
"peugeot","207",5150,2009,"with mileage",183000,"petrol",1.4,"white","mechanics","front-wheel drive"
"audi","q5",17600,2012,"with mileage",133000,"diesel",1.968,"brown","auto","all-wheel drive"
"volkswagen","transporter",11000,2006,"with mileage",330000,"diesel",2.5,"silver","mechanics","front-wheel drive"
"acura","tl",20222,2012,"with mileage",14000,"petrol",3.5,"black","auto","front-wheel drive"
"mazda","6",7600,2010,"with mileage",160000,"petrol",1.8,"gray","mechanics","front-wheel drive"
"ford","galaxy",12100,2009,"with mileage",121000,"petrol",2.3,"gray","auto","front-wheel drive"
"opel","vectra",2400,2001,"with mileage",20000,"diesel",2.2,"silver","mechanics","front-wheel drive"
"peugeot","207",5150,2008,"with mileage",151000,"petrol",1.4,"red","mechanics","front-wheel drive"
"peugeot","307",3750,2001,"with mileage",293000,"diesel",2,"green","mechanics","front-wheel drive"
"hyundai","santa-fe",16940,2014,"with mileage",89000,"petrol",2.4,"white","auto","part-time four-wheel drive"
"volkswagen","golf-plus",5500,2008,"with mileage",138000,"petrol",1.4,"blue","auto","front-wheel drive"
"volvo","xc60",32000,2017,"with mileage",98000,"diesel",2.4,"brown","auto","part-time four-wheel drive"
"toyota","picnic",4200,1999,"with mileage",410000,"diesel",2.2,"silver","mechanics","front-wheel drive"
"ford","mondeo",950,1993,"with mileage",50000,"petrol",1.6,"gray","mechanics","front-wheel drive"
"lancia","zeta",3000,1997,"with mileage",350000,"petrol",2,"blue","mechanics","front-wheel drive"
"datsun","on-do",5200,2015,"with mileage",52000,"petrol",1.6,"black","mechanics","front-wheel drive"
"izh","2715",500,1992,"with mileage",479000,"petrol",1.5,"other","mechanics","rear drive"
"peugeot","607",6550,2005,"with mileage",264000,"diesel",2.7,"gray","auto","front-wheel drive"
"hyundai","lantra",1200,1995,"with mileage",250000,"petrol",1.6,"green","mechanics","front-wheel drive"
"toyota","carina-e",2000,1995,"with mileage",478800,"diesel",2,"brown","mechanics","front-wheel drive"
"citroen","xsara-picasso",3500,2002,"with mileage",235000,"petrol",1.8,"other","mechanics","front-wheel drive"
"toyota","camry",13800,2012,"with mileage",133575.22,"petrol",2.5,"red","auto","front-wheel drive"
"volkswagen","passat",6000,2006,"with mileage",250000,"petrol",1.6,"gray","mechanics","front-wheel drive"
"volkswagen","polo",1150,1996,"with mileage",1300,"petrol",1.6,"burgundy","mechanics","front-wheel drive"
"bmw","5-seriya",3700,1998,"with mileage",390000,"diesel",2.5,"silver","mechanics","rear drive"
"bmw","7-seriya",18063,2008,"with mileage",150000,"diesel",3,"black","auto","rear drive"
"audi","80",2300,1991,"with mileage",306000,"petrol",1.8,"other","mechanics","front-wheel drive"
"ford","fusion-usa",12500,2014,"with mileage",52000,"petrol",1.5,"white","auto","front-wheel drive"
"opel","corsa",2200,2000,"with mileage",220000,"petrol",1,"red","mechanics",""
"opel","omega",903,1988,"with mileage",310000,"petrol",2,"gray","mechanics","rear drive"
"citroen","xantia",2350,2000,"with mileage",200000,"diesel",1.9,"silver","mechanics","front-wheel drive"
"volkswagen","polo-sedan",6990,2011,"with mileage",77600,"petrol",1.6,"gray","auto","front-wheel drive"
"audi","100",2700,1993,"with mileage",300000,"petrol",2.6,"white","mechanics","front-wheel drive"
"infiniti","q50",23000,2014,"with mileage",38700,"petrol",2,"white","auto","rear drive"
"audi","s5",16000,2008,"with mileage",107000,"petrol",4.2,"black","mechanics","all-wheel drive"
"volkswagen","tiguan",17541,2015,"with mileage",83000,"petrol",2,"red","auto","all-wheel drive"
"bmw","5-seriya",4500,1998,"with mileage",440000,"petrol",2.5,"blue","mechanics","rear drive"
"mazda","6",15499,2014,"with mileage",139000,"petrol",2.5,"white","auto","front-wheel drive"
"citroen","evasion",5000,2000,"with mileage",317000,"petrol",2,"gray","mechanics","front-wheel drive"
"audi","a4",18450,2016,"with mileage",178000,"diesel",2,"gray","mechanics","front-wheel drive"
"nissan","altima",8450,2007,"with mileage",177027.4,"petrol",3.5,"white","auto","front-wheel drive"
"audi","a4",9800,2011,"with mileage",220000,"petrol",1.8,"white","auto","front-wheel drive"
"mercedes-benz","e-klass",450,1983,"with mileage",407000,"diesel",2.4,"green","mechanics","rear drive"
"skoda","fabia",5200,2010,"with mileage",180000,"petrol",1.2,"white","mechanics","front-wheel drive"
"opel","vectra",1750,1996,"with mileage",255000,"petrol",1.8,"purple","mechanics","front-wheel drive"
"mazda","xedos-9",700,1996,"with damage",410000,"petrol",2,"blue","mechanics","front-wheel drive"
"ssangyong","actyon",10100,2012,"with mileage",72156,"petrol",2,"gray","mechanics","part-time four-wheel drive"
"skoda","fabia",5750,2012,"with mileage",178000,"diesel",1.2,"silver","mechanics","front-wheel drive"
"nissan","qashqai",9300,2010,"with mileage",210000,"petrol",1.6,"silver","mechanics","front-wheel drive"
"renault","laguna",1800,1994,"with mileage",350000,"petrol",1.8,"red","mechanics","front-wheel drive"
"peugeot","306",2000,1998,"with mileage",220000,"petrol",1.6,"red","mechanics","front-wheel drive"
"volkswagen","passat",2000,1995,"with mileage",365000,"diesel",1.9,"green","mechanics","front-wheel drive"
"opel","insignia",14950,2013,"with mileage",163500,"petrol",2,"black","auto","all-wheel drive"
"fiat","punto",2450,2001,"with mileage",100000,"petrol",1.2,"silver","mechanics","front-wheel drive"
"citroen","c3",2700,2003,"with mileage",150000,"petrol",1.6,"blue","auto","front-wheel drive"
"honda","cr-z",9500,2010,"with mileage",86000,"petrol",1.5,"red","mechanics","front-wheel drive"
"honda","civic",14250,2015,"with mileage",53000,"petrol",1.5,"white","auto","front-wheel drive"
"mitsubishi","pajero",8000,2002,"with mileage",245740,"diesel",3.4,"silver","auto","part-time four-wheel drive"
"mitsubishi","outlander",14200,2013,"with mileage",118000,"petrol",2,"gray","auto","front-wheel drive"
"bmw","x5",19500,2009,"with mileage",145000,"diesel",3,"silver","auto","all-wheel drive"
"nissan","primera",4800,2006,"with mileage",285000,"petrol",2,"brown","mechanics","front-wheel drive"
"mercedes-benz","e-klass",2499,1997,"with mileage",450000,"diesel",2.2,"green","auto","rear drive"
"audi","a4",2900,1999,"with mileage",360000,"diesel",2.5,"purple","mechanics","front-wheel drive"
"skoda","superb",12900,2014,"with mileage",171000,"petrol",1.8,"black","mechanics","all-wheel drive"
"renault","laguna",3800,2002,"with mileage",247000,"petrol",1.8,"white","mechanics","front-wheel drive"
"mitsubishi","pajero",7500,2000,"with mileage",2500000,"diesel",3.2,"silver","mechanics","part-time four-wheel drive"
"audi","a4",11000,2008,"with mileage",230000,"diesel",2,"black","mechanics","front-wheel drive"
"audi","a6",10550,2009,"with mileage",189000,"petrol",2,"black","auto","front-wheel drive"
"volkswagen","passat",1300,1991,"with mileage",245543,"petrol",1.8,"white","mechanics","front-wheel drive"
"volkswagen","passat",7000,2006,"with mileage",250000,"diesel",2,"gray","auto","front-wheel drive"
"subaru","forester",5500,2003,"with mileage",400000,"petrol",2,"black","mechanics","all-wheel drive"
"fiat","brava",2000,2000,"with mileage",272000,"petrol",1.6,"gray","mechanics","front-wheel drive"
"volkswagen","tiguan",10250,2011,"with mileage",136520,"petrol",1.4,"white","mechanics","front-wheel drive"
"lada-vaz","largus",7700,2018,"with mileage",77000,"petrol",1.6,"gray","mechanics","front-wheel drive"
"audi","a4",5950,2006,"with mileage",267500,"petrol",2,"red","auto",""
"audi","80",999,1989,"with mileage",333666,"petrol",1.8,"blue","mechanics","front-wheel drive"
"kia","ceed",10800,2014,"with mileage",116000,"petrol",1.6,"white","mechanics","front-wheel drive"
"peugeot","406",2250,1997,"with mileage",246,"petrol",1.8,"silver","mechanics",""
"fiat","panda",3850,2008,"with mileage",188000,"diesel",1.3,"red","mechanics","front-wheel drive"
"volkswagen","passat",450,1986,"with mileage",600000,"petrol",2,"red","mechanics","front-wheel drive"
"bmw","5-seriya",8500,2003,"with mileage",280,"diesel",2.5,"black","mechanics","rear drive"
"hyundai","terracan",7400,2002,"with mileage",208000,"diesel",2.9,"black","mechanics","part-time four-wheel drive"
"bmw","5-seriya",27993,2011,"with mileage",142000,"diesel",3.5,"black","auto","rear drive"
"volkswagen","tiguan",12299,2011,"with mileage",143000,"petrol",2,"white","auto","part-time four-wheel drive"
"volkswagen","passat",7500,2008,"with mileage",270000,"petrol",1.8,"gray","auto","front-wheel drive"
"hyundai","trajet",6000,2004,"with mileage",211000,"diesel",2,"black","auto","front-wheel drive"
"audi","a4",4000,2000,"with mileage",300000,"petrol",1.8,"silver","auto","all-wheel drive"
"ford","mondeo",900,1996,"with mileage",300000,"petrol",1.8,"blue","mechanics","front-wheel drive"
"toyota","corolla",6900,2008,"with mileage",162000,"petrol",1.6,"blue","mechanics","front-wheel drive"
"peugeot","407",4500,2004,"with mileage",360000,"diesel",1.6,"black","mechanics","front-wheel drive"
"opel","omega",3500,2001,"with mileage",406000,"diesel",2.2,"black","mechanics","rear drive"
"mercedes-benz","c-klass",16590,2015,"with mileage",196000,"diesel",1.6,"silver","mechanics","rear drive"
"volkswagen","golf",1000,1994,"with mileage",444500,"petrol",1.8,"gray","mechanics","front-wheel drive"
"volkswagen","touran",6200,2006,"with mileage",380000,"diesel",2,"silver","mechanics","front-wheel drive"
"mercedes-benz","mb",1200,1992,"with mileage",222,"diesel",2.4,"white","mechanics","front-wheel drive"
"volkswagen","transporter",8000,2002,"with mileage",250,"diesel",2.5,"white","mechanics","front-wheel drive"
"audi","q5",20500,2013,"with mileage",87000,"petrol",2,"white","auto","all-wheel drive"
"mazda","323f",1900,2001,"with mileage",370000,"petrol",1.5,"silver","mechanics","front-wheel drive"
"mazda","rx-8",11000,2004,"with mileage",166140,"petrol",1.308,"red","mechanics","rear drive"
"audi","a4",2950,1998,"with mileage",270000,"petrol",2.8,"silver","mechanics","front-wheel drive"
"bmw","7-seriya",6500,2002,"with mileage",240000,"petrol",4.4,"black","auto","rear drive"
"volkswagen","golf",2950,1997,"with mileage",272000,"petrol",1.8,"blue","mechanics","front-wheel drive"
"citroen","xantia",1000,1997,"with mileage",282000,"petrol",2,"green","mechanics","front-wheel drive"
"fiat","punto",1700,1999,"with mileage",257609,"petrol",1.2,"red","mechanics","front-wheel drive"
"opel","vectra",5000,2002,"with mileage",397000,"diesel",2,"silver","mechanics","front-wheel drive"
"bmw","x5",12000,2008,"with mileage",199000,"petrol",3,"gray","auto","all-wheel drive"
"ford","granada",1500,1979,"with mileage",71000,"petrol",2.3,"blue","mechanics","rear drive"
"mazda","6",4200,2004,"with mileage",231000,"petrol",2.4,"burgundy","auto","front-wheel drive"
"volkswagen","golf-plus",5800,2008,"with mileage",250000,"petrol",1.6,"blue","mechanics","front-wheel drive"
"opel","meriva",6300,2009,"with mileage",160000,"petrol",1.39,"black","mechanics","front-wheel drive"
"peugeot","806",3000,1999,"with mileage",411000,"petrol",2,"green","mechanics","front-wheel drive"
"mercedes-benz","e-klass",11700,2007,"with mileage",253000,"diesel",3,"black","auto","rear drive"
"audi","a4",4000,1997,"with mileage",400000,"diesel",1.9,"silver","mechanics","front-wheel drive"
"renault","laguna",2000,1996,"with mileage",283000,"petrol",1.8,"green","mechanics","front-wheel drive"
"volkswagen","touareg",27000,2014,"with mileage",89800,"petrol",3.6,"black","auto","all-wheel drive"
"nissan","x-trail",6893,2006,"with mileage",320000,"petrol",2,"silver","auto","part-time four-wheel drive"
"volkswagen","passat",3950,1998,"with mileage",455300,"diesel",2.5,"gray","mechanics","front-wheel drive"
"audi","a4",5500,2001,"with mileage",306000,"petrol",2,"silver","auto","front-wheel drive"
"opel","vectra",3700,2001,"with mileage",115000,"petrol",1.8,"burgundy","auto","front-wheel drive"
"renault","clio",9700,2016,"with mileage",155000,"diesel",1.5,"black","mechanics","front-wheel drive"
"renault","safrane",1700,1998,"with mileage",452455,"petrol",2,"green","mechanics","front-wheel drive"
"opel","insignia",10500,2010,"with mileage",165000,"diesel",2,"black","auto","front-wheel drive"
"renault","scenic",4200,2004,"with mileage",235000,"diesel",1.5,"blue","mechanics","front-wheel drive"
"volkswagen","passat",2900,1998,"with mileage",600,"diesel",1.9,"green","mechanics","front-wheel drive"
"great-wall","hover-h3",6700,2011,"with mileage",83000,"petrol",2,"silver","mechanics","part-time four-wheel drive"
"skoda","yeti",10700,2013,"with mileage",168000,"petrol",1.8,"white","auto","all-wheel drive"
"volvo","xc70",12300,2010,"with mileage",123000,"diesel",2.4,"black","auto","front-wheel drive"
"kia","rio",10500,2015,"with mileage",31000,"petrol",1.6,"black","auto","front-wheel drive"
"toyota","corolla",8000,2008,"with mileage",198000,"petrol",1.6,"red","mechanics","front-wheel drive"
"renault","19",1200,1993,"with mileage",34000,"diesel",1.9,"gray","mechanics",""
"honda","accord",3327,2000,"with mileage",292000,"petrol",2,"gray","mechanics","front-wheel drive"
"toyota","land-cruiser-prado",28500,2013,"with mileage",218000,"diesel",3,"black","auto","part-time four-wheel drive"
"mazda","6",16000,2013,"with mileage",100000,"petrol",2,"brown","auto","front-wheel drive"
"peugeot","406",3550,2001,"with mileage",287500,"petrol",2,"blue","mechanics","front-wheel drive"
"bmw","3-seriya",3000,1995,"with mileage",380000,"petrol",1.6,"green","mechanics","rear drive"
"gaz","24",2200,1988,"with mileage",40000,"petrol",2.4,"white","mechanics","rear drive"
"volkswagen","transporter",7000,1999,"with mileage",370000,"diesel",1.9,"red","mechanics","front-wheel drive"
"ford","escort",400,1988,"with mileage",1700,"petrol",1.3,"red","mechanics","front-wheel drive"
"volvo","s60",5500,2016,"with damage",28000,"petrol",2,"white","auto","front-wheel drive"
"bmw","x1",10850,2012,"with mileage",160000,"petrol",2,"blue","auto","rear drive"
"audi","a3",16000,2013,"with mileage",100000,"petrol",1.4,"white","auto","front-wheel drive"
"geely","atlas",16800,2018,"with mileage",26000,"petrol",2,"silver","mechanics","front-wheel drive"
"mazda","3",6132,2008,"with mileage",122000,"petrol",1.6,"gray","mechanics","front-wheel drive"
"audi","a3",8950,2011,"with mileage",267705,"petrol",1.8,"black","auto","front-wheel drive"
"land-rover","range-rover",8999,2003,"with mileage",380000,"diesel",3,"silver","auto","all-wheel drive"
"renault","scenic",3650,2001,"with mileage",390000,"diesel",1.9,"blue","mechanics",""
"mazda","millenia",3300,2001,"with mileage",222088.92,"petrol",2.5,"black","auto","front-wheel drive"
"volvo","s80",3800,2001,"with mileage",420000,"petrol",2.4,"other","auto","front-wheel drive"
"ford","mondeo",3700,2003,"with mileage",234000,"petrol",1.8,"black","mechanics","front-wheel drive"
"mercedes-benz","cls",11000,2006,"with mileage",199000,"petrol",3.5,"burgundy","auto","rear drive"
"isuzu","trooper",6900,2001,"with mileage",200000,"diesel",3,"black","auto","part-time four-wheel drive"
"volvo","s80",4900,1999,"with mileage",408100,"petrol",2.4,"blue","mechanics","front-wheel drive"
"daewoo","nubira",1800,1999,"with mileage",385675,"petrol",1.6,"silver","mechanics","front-wheel drive"
"hyundai","accent",7950,2014,"with mileage",70000,"petrol",1.6,"brown","mechanics","front-wheel drive"
"renault","laguna",700,1996,"with mileage",110000,"petrol",3,"green","mechanics","front-wheel drive"
"opel","vectra",3200,2001,"with mileage",390000,"diesel",2.2,"green","mechanics","front-wheel drive"
"volkswagen","touareg",7000,2003,"with mileage",334000,"petrol",4.2,"other","auto","all-wheel drive"
"mitsubishi","colt",3800,2006,"with mileage",93000,"petrol",1.3,"gray","mechanics","front-wheel drive"
"citroen","berlingo",3500,2009,"with mileage",327000,"diesel",1.6,"white","mechanics","front-wheel drive"
"chrysler","neon",1200,1997,"with mileage",265000,"petrol",2,"gray","mechanics","front-wheel drive"
"skoda","fabia",3450,2005,"with mileage",197000,"petrol",1.2,"blue","mechanics","front-wheel drive"
"audi","a6",2600,1997,"with mileage",350000,"petrol",1.8,"silver","auto","front-wheel drive"
"mitsubishi","delica",1500,2000,"with mileage",385000,"diesel",2.5,"white","mechanics","rear drive"
"peugeot","407",5500,2007,"with mileage",300000,"diesel",1.6,"black","mechanics","front-wheel drive"
"toyota","avensis",7600,2007,"with mileage",234000,"petrol",2,"silver","mechanics","front-wheel drive"
"audi","a6",5800,2003,"with mileage",430000,"petrol",3,"blue","auto","all-wheel drive"
"volkswagen","passat",7850,2009,"with mileage",217000,"petrol",1.8,"black","auto","front-wheel drive"
"ford","mondeo",475,1996,"for parts",390,"diesel",1.8,"blue","mechanics","front-wheel drive"
"peugeot","307",4950,2007,"with mileage",220000,"petrol",1.6,"burgundy","mechanics","front-wheel drive"
"opel","vectra",800,1997,"with damage",340000,"petrol",2,"silver","mechanics","front-wheel drive"
"audi","100",500,1990,"with damage",600000,"petrol",1.8,"other","mechanics","front-wheel drive"
"peugeot","5008",9200,2010,"with mileage",145000,"petrol",1.6,"other","auto","front-wheel drive"
"citroen","xsara",3750,2003,"with mileage",196000,"petrol",1.4,"silver","mechanics","front-wheel drive"
"mitsubishi","carisma",2600,2002,"with mileage",297000,"petrol",1.8,"brown","mechanics","front-wheel drive"
"volkswagen","golf",1200,1990,"with mileage",777,"petrol",1.3,"blue","mechanics","front-wheel drive"
"peugeot","308",8000,2011,"with mileage",145000,"petrol",1.6,"white","auto","front-wheel drive"
"volvo","460",1600,1990,"with mileage",277000,"petrol",1.7,"white","mechanics","front-wheel drive"
"audi","q5",16000,2010,"with mileage",253522.54888,"petrol",3.2,"black","auto","all-wheel drive"
"volkswagen","golf-plus",6800,2009,"with mileage",198000,"petrol",1.4,"blue","auto","front-wheel drive"
"citroen","c5",3900,2001,"with mileage",300000,"diesel",2.2,"other","mechanics","front-wheel drive"
"luaz","969",650,1987,"with mileage",111111,"petrol",1.2,"green","mechanics","part-time four-wheel drive"
"bmw","5-seriya",5800,2002,"with mileage",165000,"diesel",3,"silver","auto","rear drive"
"daewoo","espero",1100,1996,"with mileage",316000,"petrol",1.8,"other","mechanics","front-wheel drive"
"toyota","yaris",9000,2016,"with mileage",44000,"petrol",1,"silver","mechanics","front-wheel drive"
"opel","vectra",4700,2003,"with mileage",250000,"diesel",2.2,"silver","mechanics",""
"volvo","v40",3000,2000,"with mileage",237000,"petrol",1.6,"yellow","mechanics","front-wheel drive"
"nissan","pixo",4100,2009,"with mileage",74000,"petrol",1,"silver","mechanics","front-wheel drive"
"gaz","3110",1000,2000,"with mileage",370000,"petrol",2.4,"white","mechanics",""
"bmw","7-seriya",5500,2000,"with mileage",368000,"petrol",4.4,"black","auto","rear drive"
"hyundai","tucson",23300,2017,"with mileage",38500,"petrol",2,"gray","auto","all-wheel drive"
"lada-vaz","2106",665,1988,"with mileage",319000,"petrol",1.6,"white","mechanics","rear drive"
"ford","scorpio",400,1990,"for parts",250000,"diesel",2.5,"blue","mechanics","rear drive"
"chevrolet","cavalier",2000,2001,"with mileage",209214.2,"petrol",2.4,"silver","auto","front-wheel drive"
"mercedes-benz","e-klass",20450,2013,"with mileage",155137,"petrol",2,"white","auto","rear drive"
"seat","alhambra",5300,2001,"with mileage",389000,"diesel",1.9,"silver","mechanics","front-wheel drive"
"hyundai","galloper",5200,1998,"with mileage",260000,"diesel",2.5,"silver","mechanics","part-time four-wheel drive"
"nissan","x-trail",6350,2004,"with mileage",360000,"diesel",2.2,"blue","mechanics","part-time four-wheel drive"
"volvo","s60",6500,2005,"with mileage",235000,"petrol",2.4,"black","auto","front-wheel drive"
"ford","galaxy",9300,2008,"with mileage",275000,"diesel",1.8,"gray","mechanics","front-wheel drive"
"nissan","x-trail",18550,2015,"with mileage",175000,"diesel",1.6,"black","mechanics","part-time four-wheel drive"
"seat","leon",6300,2008,"with mileage",220000,"petrol",1.4,"silver","mechanics","front-wheel drive"
"renault","safrane",2650,2000,"with mileage",237000,"diesel",2.2,"silver","mechanics","front-wheel drive"
"volkswagen","passat",7950,2009,"with mileage",261000,"petrol",1.4,"silver","auto","front-wheel drive"
"saab","9-3",5500,2004,"with mileage",300000,"diesel",2.2,"blue","mechanics","front-wheel drive"
"audi","a4",5550,2001,"with mileage",330000,"petrol",2,"silver","mechanics","front-wheel drive"
"bmw","x1",23750,2016,"with mileage",108000,"diesel",2,"white","auto","part-time four-wheel drive"
"volkswagen","transporter",7550,1998,"with mileage",403000,"diesel",2.5,"white","mechanics","front-wheel drive"
"skoda","octavia",11900,2015,"with mileage",206000,"diesel",1.6,"silver","mechanics","front-wheel drive"
"hyundai","santa-fe",4700,2004,"with mileage",225000,"petrol",2.4,"blue","auto","front-wheel drive"
"opel","omega",300,1988,"with mileage",400000,"petrol",1.8,"blue","mechanics","rear drive"
"renault","megane",6400,2010,"with mileage",253000,"diesel",1.5,"white","mechanics","front-wheel drive"
"volkswagen","passat",998,1991,"with mileage",500000,"diesel",1.9,"blue","mechanics","front-wheel drive"
"bmw","7-seriya",5200,1998,"with mileage",360000,"diesel",2.5,"blue","auto","rear drive"
"opel","vectra",750,1992,"with mileage",316000,"petrol",1.6,"purple","mechanics","front-wheel drive"
"mercedes-benz","g-klass-amg",35000,2005,"with mileage",174000,"petrol",5.5,"black","auto","all-wheel drive"
"ford","c-max",4000,2003,"with mileage",270000,"petrol",1.8,"silver","mechanics","front-wheel drive"
"mercedes-benz","e-klass",1500,1987,"with mileage",500000,"diesel",2,"burgundy","mechanics","rear drive"
"mazda","6",5400,2006,"with mileage",170000,"petrol",2,"green","mechanics","front-wheel drive"
"nissan","almera",2600,2000,"with mileage",360000,"diesel",2.2,"silver","mechanics","front-wheel drive"
"peugeot","607",4000,2001,"with mileage",400000,"petrol",3,"black","mechanics","front-wheel drive"
"peugeot","106",500,1994,"with mileage",260000,"petrol",1.1,"green","mechanics","front-wheel drive"
"land-rover","freelander",11000,2008,"with mileage",238000,"diesel",2.2,"black","auto","all-wheel drive"
"peugeot","106",1600,1998,"with mileage",239450,"petrol",1.1,"red","mechanics","front-wheel drive"
"hyundai","accent",9400,2015,"with mileage",57400,"petrol",1.6,"brown","mechanics","front-wheel drive"
"opel","omega",3100,1999,"with mileage",515000,"diesel",2,"blue","mechanics","rear drive"
"chrysler","voyager",7500,2005,"with mileage",318000,"diesel",2.5,"silver","mechanics","front-wheel drive"
"audi","a8",35500,2015,"with mileage",102000,"petrol",3,"black","auto","all-wheel drive"
"seat","ibiza",1474,1998,"with mileage",219000,"petrol",1.4,"red","mechanics","front-wheel drive"
"volkswagen","passat",850,1991,"with mileage",400000,"petrol",2,"white","mechanics","front-wheel drive"
"audi","a3",5950,2003,"with mileage",320000,"diesel",2,"other","mechanics","front-wheel drive"
"peugeot","308",11550,2016,"with mileage",143750,"diesel",1.6,"silver","auto","front-wheel drive"
"audi","100",1150,1986,"with mileage",477000,"petrol",1.8,"white","mechanics","front-wheel drive"
"volkswagen","sharan",5999,2002,"with mileage",300000,"diesel",1.9,"black","mechanics",""
"renault","laguna",700,1994,"with mileage",250000,"petrol",2,"blue","mechanics","front-wheel drive"
"audi","v8",1700,1991,"with mileage",330000,"petrol",3.6,"gray","auto","all-wheel drive"
"hyundai","h-1-starex",11000,2009,"with mileage",315000,"diesel",2.5,"black","auto","rear drive"
"toyota","rav4",7000,2002,"with mileage",270000,"diesel",2,"silver","mechanics","all-wheel drive"
"volkswagen","passat",5300,2004,"with mileage",389000,"diesel",1.9,"silver","auto","front-wheel drive"
"fiat","marea",713,1997,"with mileage",320000,"petrol",1.6,"burgundy","mechanics","front-wheel drive"
"citroen","c3",4600,2007,"with mileage",147700,"petrol",1.6,"blue","mechanics","front-wheel drive"
"renault","duster",9000,2014,"with mileage",84000,"petrol",2,"brown","auto","part-time four-wheel drive"
"fiat","tipo",400,1991,"with mileage",330,"petrol",1.4,"blue","mechanics","front-wheel drive"
"opel","omega",1100,1995,"with mileage",200000,"petrol",2,"silver","mechanics","rear drive"
"renault","trafic",10999,2008,"with mileage",750000,"diesel",1.995,"white","mechanics","front-wheel drive"
"ford","escort",1300,1994,"with mileage",300000,"petrol",1.4,"blue","mechanics","front-wheel drive"
"subaru","legacy",1900,1995,"with mileage",330000,"petrol",2.212,"blue","mechanics","all-wheel drive"
"seat","ibiza",7200,2011,"with mileage",190000,"diesel",1.2,"black","mechanics","front-wheel drive"
"audi","80",1550,1987,"with mileage",410,"petrol",1.8,"blue","mechanics","front-wheel drive"
"seat","altea",7850,2009,"with mileage",119000,"petrol",1.4,"white","mechanics","front-wheel drive"
"land-rover","range-rover",47000,2013,"with mileage",110000,"diesel",4.4,"black","auto","part-time four-wheel drive"
"volkswagen","passat",8000,2008,"with mileage",280000,"diesel",2,"gray","auto","front-wheel drive"
"mazda","323f",1500,1998,"with mileage",474000,"petrol",1.5,"blue","mechanics","front-wheel drive"
"mitsubishi","galant",548,1994,"with mileage",345669,"diesel",2,"burgundy","mechanics",""
"mitsubishi","pajero",11800,2006,"with mileage",270000,"diesel",3.2,"silver","auto","part-time four-wheel drive"
"kia","rio",4100,2006,"with mileage",358000,"petrol",1.6,"other","mechanics","front-wheel drive"
"bmw","7-seriya",8900,2006,"with mileage",236000,"petrol",4.8,"black","auto","rear drive"
"bmw","5-seriya",7350,2002,"with mileage",295000,"diesel",3,"silver","auto","rear drive"
"renault","laguna",2200,1999,"with mileage",330000,"petrol",1.6,"other","mechanics","front-wheel drive"
"hyundai","solaris",9499,2016,"with mileage",52500,"petrol",1.6,"gray","mechanics","front-wheel drive"
"ford","mondeo",300,1993,"with mileage",400000,"petrol",1.6,"black","mechanics","front-wheel drive"
"ford","tourneo-custom",22500,2015,"with mileage",111000,"diesel",2.2,"black","mechanics","front-wheel drive"
"toyota","prius",18900,2015,"with mileage",50000,"petrol",1.8,"black","auto","front-wheel drive"
"volkswagen","sharan",5550,2001,"with mileage",330000,"diesel",1.9,"blue","mechanics","front-wheel drive"
"peugeot","607",3000,2000,"with mileage",400000,"diesel",2.2,"blue","auto","front-wheel drive"
"volkswagen","touareg",7200,2003,"with mileage",220000,"petrol",3.2,"black","auto","all-wheel drive"
"seat","alhambra",5000,2003,"with mileage",280000,"diesel",1.9,"blue","mechanics","front-wheel drive"
"toyota","corolla",6500,2008,"with mileage",280000,"petrol",1.6,"silver","auto","front-wheel drive"
"volkswagen","jetta",500,1989,"with mileage",500000,"petrol",1.8,"red","mechanics","front-wheel drive"
"peugeot","307",4600,2005,"with mileage",380000,"diesel",1.56,"gray","mechanics","front-wheel drive"
"volkswagen","jetta",856,1987,"with mileage",44445,"petrol",1.6,"gray","mechanics","front-wheel drive"
"honda","cr-v",6800,2003,"with mileage",190000,"petrol",2,"brown","auto","part-time four-wheel drive"
"opel","astra",7300,2010,"with mileage",173000,"petrol",1.6,"blue","mechanics","front-wheel drive"
"volkswagen","caravelle",12000,2005,"with mileage",230000,"diesel",1.9,"blue","mechanics","front-wheel drive"
"peugeot","3008",8900,2010,"with mileage",98000,"petrol",1.6,"gray","mechanics","front-wheel drive"
"volkswagen","golf",3500,1998,"with mileage",1111111,"petrol",1.6,"other","mechanics","front-wheel drive"
"mazda","6",10200,2010,"with mileage",145000,"petrol",2,"brown","auto","front-wheel drive"
"suzuki","baleno",2050,2001,"with mileage",260000,"diesel",1.9,"green","mechanics","front-wheel drive"
"opel","zafira",4800,2003,"with mileage",267000,"diesel",2,"silver","mechanics","front-wheel drive"
"audi","a3",13000,2013,"with mileage",84863,"petrol",1.4,"white","auto","front-wheel drive"
"audi","a6",9500,2008,"with mileage",205500,"diesel",2,"gray","auto","front-wheel drive"
"mazda","626",3200,2001,"with mileage",360000,"petrol",2,"black","mechanics","front-wheel drive"
"mitsubishi","outlander",10800,2008,"with mileage",180000,"petrol",3,"black","auto","all-wheel drive"
"bmw","3-seriya",4000,2001,"with mileage",240000,"petrol",2.5,"black","mechanics","rear drive"
"mazda","cx-7",8500,2010,"with mileage",113000,"petrol",2.3,"burgundy","auto","all-wheel drive"
"chevrolet","aveo",4900,2011,"with mileage",154000,"petrol",1.2,"black","mechanics","front-wheel drive"
"volkswagen","touareg",10299,2007,"with mileage",270000,"diesel",2.5,"black","auto","all-wheel drive"
"skoda","rapid",13300,2018,"with mileage",70,"petrol",1.4,"black","auto","front-wheel drive"
"lada-vaz","2106",570,1977,"with mileage",0,"petrol",1.5,"white","mechanics","rear drive"
"opel","vectra",3370,2000,"with mileage",250000,"petrol",1.8,"silver","mechanics","front-wheel drive"
"mercedes-benz","clk",3650,1999,"with mileage",315000,"petrol",2,"green","mechanics","rear drive"
"audi","a6",16999,2012,"with mileage",109000,"petrol",2,"brown","auto","front-wheel drive"
"mercedes-benz","e-klass",3500,1998,"with mileage",400000,"diesel",2.9,"blue","mechanics","rear drive"
"opel","vectra",618,1992,"with mileage",55555,"petrol",2,"black","mechanics","front-wheel drive"
"toyota","camry",9500,2007,"with mileage",195000,"petrol",2.4,"black","mechanics","front-wheel drive"
"audi","100",1500,1986,"with mileage",300000,"diesel",2.5,"red","mechanics","front-wheel drive"
"lexus","gs",23490,2013,"with mileage",105000,"petrol",2.5,"black","auto","rear drive"
"volvo","v70",10900,2010,"with mileage",212000,"diesel",1.6,"gray","mechanics","front-wheel drive"
"bmw","3-seriya",5200,2004,"with mileage",250,"petrol",2.2,"gray","auto","rear drive"
"ford","galaxy",3500,1996,"with mileage",366,"diesel",1.9,"yellow","mechanics","front-wheel drive"
"mercedes-benz","190-w201",2300,1985,"with mileage",370623,"petrol",2,"blue","mechanics","rear drive"
"ford","mustang",19500,2011,"with mileage",94000,"petrol",3.7,"white","auto","rear drive"
"uaz","hunter",3100,2005,"with mileage",167000,"petrol",2.9,"green","mechanics","part-time four-wheel drive"
"mitsubishi","lancer",7999,2007,"with mileage",103592,"petrol",2,"black","auto","front-wheel drive"
"citroen","c3",5000,2010,"with mileage",65000,"petrol",1.1,"red","mechanics",""
"chevrolet","astro",3500,1992,"with mileage",97000,"petrol",4.3,"white","auto","rear drive"
"nissan","x-trail",5753,2002,"with mileage",284000,"diesel",2.2,"black","mechanics","part-time four-wheel drive"
"volkswagen","multivan",20850,2011,"with mileage",194000,"diesel",2,"silver","mechanics","front-wheel drive"
"volkswagen","golf",450,1988,"with mileage",300000,"petrol",1.3,"silver","mechanics","front-wheel drive"
"mazda","3",6000,2007,"with mileage",200000,"petrol",2.3,"gray","auto","front-wheel drive"
"lada-vaz","2115",1450,2005,"with mileage",154500,"petrol",1.6,"green","mechanics","front-wheel drive"
"mercedes-benz","v-klass",52500,2017,"with mileage",170000,"diesel",2.2,"black","auto","part-time four-wheel drive"
"renault","duster",10899,2015,"with mileage",77000,"petrol",2,"burgundy","mechanics","part-time four-wheel drive"
"lada-vaz","2121-niva",7499,2015,"with mileage",48000,"petrol",1.7,"other","mechanics","all-wheel drive"
