"tegevusala","Ettevõtete arv","Müügitulu, tuhat eurot","Kasum/kahjum bioloogilistelt varadelt, tuhat eurot","Ostetud kütus, tuhat eurot","Lähetuskulud, tuhat eurot","Kahjum põhivarade müügist, tuhat eurot","Ärikasum (-kahjum), tuhat eurot","Tulumaks, tuhat eurot","Aruandeaasta kasum (-kahjum), tuhat eurot","Tunnitootlikkus müügitulu alusel, eurot","Tööviljakus hõivatu kohta lisandväärtuse alusel, tuhat eurot","Investeeringud materiaalsetesse põhivaradesse, tuhat eurot","Investeeringud immateriaalsetesse põhivaradesse, tuhat eurot","Muu immateriaalne põhivara, tuhat eurot","Materiaalsete põhivarade müük müügihinnas, tuhat eurot","Müügitulu ärirentaablus, %","Varade käibesagedus, korda aastas","Lühiajaliste kohustiste kattekordaja","Finantsvõimenduse kordaja","Varade juurdekasvutempo, %"
"Kokku – kõik tegevusalad",100123,66483653.7,36821.3,984748.9,230785.9,25410.5,4490753.8,304328.1,4578203.6,87,34.8,3890497.6,270439.9,48166.2,468917.3,6.76,0.19,1.82,1.71,5.7
"Põllumajandus, metsamajandus ja kalapüük",5080,1746432.5,33248.4,106242.9,3390.3,3054.9,476102.9,19517.7,439927.7,68.9,44.9,469275.6,1019.6,378.4,102073.3,26.65,0.08,2.01,1.42,8.25
"Taime- ja loomakasvatus, jahindus ja neid teenindavad tegevusalad",3008,915304.4,-12560.8,43808.9,737.6,2179.9,145990.1,2510.6,124148.4,58,42.4,297306.3,83,27.3,64566.6,15.34,0.1,1.59,1.88,8.31
"Metsamajandus ja metsavarumine",1900,776657.2,46011.8,53384,2481,860,322969.1,16483.1,308881.4,89.8,49.4,164125.6,651.5,79.9,31601.2,41.47,0.06,2.99,1.21,9.02
"Kalapüük ja vesiviljelus",172,54470.8,-202.6,9050,171.8,14.9,7143.6,524,6897.8,66.9,44.6,7843.7,285.1,271.2,5905.4,13.7,0.07,2.09,1.55,-3.63
"Kalapüük",145,NA,NA,NA,NA,NA,NA,NA,NA,NA,NA,NA,NA,NA,NA,NA,NA,NA,NA,NA
"Vesiviljelus",27,NA,NA,NA,NA,NA,NA,NA,NA,NA,NA,NA,NA,NA,NA,NA,NA,NA,NA,NA
"Mäetööstus",154,361997.9,5.1,20598.8,479.6,38.2,42341.9,1333.9,39547.6,73.5,49.7,42473,604.5,0,4692.2,12.11,0.14,2.58,1.45,1.89
"Toornafta ja maagaasi tootmine",2,133966.3,0,5379.3,10.7,0,18723.1,0,17228.8,58.7,46.4,17040.1,0,0,1877.1,13.98,0.11,2.77,1.46,-1.25
"Muu kaevandamine",138,215988.4,5.1,14610.7,320.3,38.2,20734.5,902.3,20013.2,84.1,51.4,24648.8,604.5,0,2639.6,10.29,0.17,2.43,1.45,4.71
"Kivi, liiva ja savi kaevandamine",92,93764.3,3.9,10519.3,113.6,22.2,10013.3,382.2,9566.5,77.8,54.5,8820.1,604,0,1970.3,10.68,0.14,2.02,1.56,3.78
"Mujal liigitamata kaevandamine",46,122224.1,1.2,4091.5,206.8,16,10721.2,520.1,10446.7,89.6,48.8,15828.7,0.5,0,669.3,9.99,0.2,2.95,1.35,5.68
"Kaevandamist abistavad tegevusalad",14,12043.2,0,608.7,148.5,0,2884.3,431.6,2305.6,163.8,110.6,784.1,0,0,175.5,23.87,0.3,3.2,1.25,15.56
"Töötlev tööstus",7981,13326795.2,1581.9,80137.9,28940.9,4236.9,652322.9,48738.1,553001.8,72.8,32.5,556264.2,42874,18980.3,58527.8,4.9,0.3,1.89,1.67,2.58
"Toiduainete tootmine",689,1882499.8,100.8,14822.8,874.3,673.8,73726.2,3908,54132.6,83,29.4,76998.4,3539,749.4,2221.8,3.95,0.32,1.5,1.85,2.9
"Liha töötlemine ja säilitamine ning lihatoodete tootmine",63,366555,-72.7,4186.9,57.5,597.4,8568.9,41.3,6192.5,77.3,28.5,10321.2,554.7,7.7,490.6,2.35,0.34,1.47,1.91,-0.49
"Kala, vähilaadsete ja limuste töötlemine ja säilitamine",70,170578.5,0,1280.3,228.5,12.1,2616,139.3,1805.6,73.1,21.9,8811.2,247.8,27.3,254.5,1.68,0.29,1.42,2.04,7.43
"Puu- ja köögivilja töötlemine ja säilitamine",90,78045.8,171.1,745.6,126.4,12.3,4186.1,56.4,3923.7,69.8,29.8,5672.2,813.7,30.3,295.2,5.36,0.26,1.88,1.91,10.79
"Taimse ja loomse õli ja rasva tootmine",9,NA,NA,NA,NA,NA,NA,NA,NA,NA,NA,NA,NA,NA,NA,NA,NA,NA,NA,NA
"Piimatoodete tootmine",37,426092,1.3,2234,70.7,18.4,17995.8,174.4,10866.6,116.3,36.4,14337.3,563.6,319.7,221.5,4.24,0.31,1.64,1.85,-0.69
"Jahu ja tangainete, tärklise ja tärklisetoodete tootmine",13,NA,NA,NA,NA,NA,NA,NA,NA,NA,NA,NA,NA,NA,NA,NA,NA,NA,NA,NA
"Pagari- ja makarontoodete tootmine",205,210741.2,0,1503.5,157,23.8,9130.7,1921.7,3409,42.1,22.7,5356.1,37.3,0,511.7,4.42,0.27,1.28,1.48,-5.81
"Muude toiduainete tootmine",183,337492.5,1.1,3393.3,172.1,8.9,18951.2,1022.4,17531.5,67.2,30,20203.7,1284.3,333.6,190.9,5.63,0.33,1.59,1.76,14.55
"Valmis loomasööda tootmine",19,159570,0,849.3,8.2,1,4402.8,350.5,3267.3,343.1,52.2,9723.3,37.6,31,98.1,2.76,0.44,1.37,2.82,2.4
"Joogitootmine",126,254477.7,0.3,650.1,371.4,60.2,22256.2,3488.1,19477.8,102.8,51,17563,518.8,71.3,3424,8.79,0.16,1.39,1.58,1.21
"Tekstiilitootmine",303,353199.8,0,1378,852.5,0.9,27761.9,882.5,26274.6,52.4,25.2,18847.2,1490.4,26.8,402.1,7.94,0.31,2.88,1.69,11.6
"Tekstiilkiudude ettevalmistamine ja ketramine",7,NA,NA,NA,NA,NA,NA,NA,NA,NA,NA,NA,NA,NA,NA,NA,NA,NA,NA,NA
"Riidekudumine",14,NA,NA,NA,NA,NA,NA,NA,NA,NA,NA,NA,NA,NA,NA,NA,NA,NA,NA,NA
"Tekstiili viimistlemine",22,7403.4,0,17.6,31.1,0,393.9,12.9,348.8,38.6,23.8,949.7,1.7,0,82.7,5.32,0.19,0.5,3.11,6.85
"Muu tekstiilitootmine",260,315862.5,0,1245.5,772.7,0.9,27127.6,867.2,25704.1,50.4,25.4,17406.3,1488.7,26.8,319.4,8.68,0.3,3.32,1.64,11.49
"Rõivatootmine",504,175620.7,0,321.2,112.5,30,8556.6,578.3,6944.3,24.1,14.9,3656.2,137.3,41.6,796.3,4.92,0.26,3.65,1.42,0.84
"Rõivatootmine, v.a karusnahast rõivad",444,167254,0,250,102.6,29.6,10392.3,567.7,8948.1,24.6,15.6,3567.5,110.4,41.6,371.9,6.25,0.26,3.76,1.42,2.46
"Karusnahatoodete tootmine",10,165.6,0,0.2,0.1,0,-2.3,0,-2.3,4.4,5.9,0,0,0,0,-1.38,0.53,2.81,1.45,3.64
"Silmkoe- ja heegelrõivaste tootmine",50,8201.1,0,71,9.8,0.4,-1833.4,10.5,-2001.5,18.9,4.1,88.7,26.9,0,424.5,-22.35,0.17,2.36,1.56,-18.21
"Nahatöötlemine ja nahktoodete tootmine",72,31642,0,91.5,33.4,1.3,1536.6,141.7,1398.5,26.8,16.2,672.7,0,0,122.9,4.82,0.32,2.7,1.46,-2.25
"Nahatöötlemine ja -parkimine; kohvrite, käekottide, sadulsepatoodete ja rakmete tootmine; karusnaha töötlemine ja värvimine",48,10050.7,0,41.6,19.8,1.3,937.2,65.5,857.7,20.6,16.3,252.2,0,0,69,9.3,0.26,2.3,1.53,3.98
"Jalatsitootmine",24,21591.2,0,49.9,13.6,0,599.4,76.2,540.8,31.1,16.2,420.5,0,0,53.9,2.75,0.35,3,1.43,-6.06
"Puidutöötlemine ning puit- ja korktoodete tootmine, v.a mööbel; õlest ja punumismaterjalist toodete tootmine",1146,2548534.6,1486.6,26485.3,2495.8,83.2,150307.6,7617.4,141704,83.9,36.5,151196.7,6369.6,171.2,8350,5.9,0.29,1.73,1.7,6.36
"Puidu saagimine ja hööveldamine",400,1064100.6,1489.7,14483.4,706.4,40,65415.5,3162.7,64993.3,118.1,43.9,68797.7,3165.6,9.8,3957.3,6.15,0.29,1.72,1.6,9.75
"Puidust, korgist, õlest ja punumismaterjalist toodete tootmine",746,1484434,-3.2,12002,1789.4,43.2,84892,4454.7,76710.6,69.5,33.4,82399.1,3204,161.4,4392.7,5.71,0.29,1.74,1.78,3.96
"Paberi ja pabertoodete tootmine",63,222515,0,8496.7,184.1,34.8,978.6,267.6,-399.9,98.6,37.6,11089.2,880.3,9.6,117.5,0.44,0.19,1.21,1.61,-3.75
"Paberimassi, paberi ja papi tootmine",4,110602.6,0,8104.7,37.5,0,-5332.2,0,-6114.3,127.8,39.6,5394,825.2,9.6,0,-4.82,0.14,1,1.56,-5.56
"Paber- ja papptoodete tootmine",59,111912.3,0,392,146.6,34.8,6310.8,267.6,5714.4,80.5,36.5,5695.3,55.1,0,117.5,5.63,0.34,1.51,1.77,0.79
"Trükindus ja salvestiste paljundus",366,216080.1,0,784.5,357.2,250.5,7778.3,696.5,5498.9,48.1,29.2,10568.9,339.5,12.4,1062.5,3.58,0.29,1.45,1.75,-8.26
"Trükindus ja selle sidusalad",362,215520.7,0,782.9,354.9,250.5,7735.9,695.7,5457.3,48.2,29.2,10568.9,339.5,12.4,1062.5,3.57,0.29,1.44,1.75,-8.29
"Salvestiste paljundus",4,559.3,0,1.6,2.4,0,42.4,0.9,41.6,34.5,15.7,0,0,0,0,7.58,0.35,2.87,1.44,7.38
"Koksi ja puhastatud naftatoodete tootmine",6,245676.5,0,1009.2,43.3,0,-12324.4,28.1,-15930.7,111.8,49.4,8754,14735.8,14728.3,417.7,-5.02,0.13,1.03,1.48,-10.03
"Kemikaalide ja keemiatoodete tootmine",119,514036.4,0,1580,386.8,6.7,43600.4,2224.4,40384.2,122.6,51.1,17119.7,2729.8,514.9,4474.5,8.48,0.27,2.86,1.4,11.31
"Põhikemikaalide, väetise ja lämmastikuühendite tootmine; plasti ja sünteeskautšuki tootmine algkujul",21,213537.2,0,1044.9,82.3,1.1,5117.8,75.4,4501.1,130.1,37,5977.9,273.1,54,4083.5,2.4,0.22,4.11,1.25,5.87
"Taimekaitsevahendite ja muude agrokeemiatoodete tootmine",0,0,0,0,0,0,0,0,0,0,0,0,0,0,0,0,0,0,0,0
"Värvide, lakkide ja muude viimistlusvahendite ning trükivärvide ja mastiksite tootmine",14,160617.8,0,151.5,100.6,2.5,14375,515.2,13179.3,163.8,63.8,2603.3,1968.4,0,110.6,8.95,0.3,1.97,1.69,10.04
"Seebi, pesemis-, puhastus- ja poleervahendite, parfüümide ja tualetitarvete tootmine",60,95348.5,0,231.2,178.7,0,15880.1,186.5,15850.7,77.3,51.5,4456.5,27.3,0,162.2,16.65,0.37,2.53,1.57,41.32
"Muude keemiatoodete tootmine",24,44532.8,0,152.4,25.1,3.1,8227.5,1447.4,6853.1,132.6,77.7,4082.1,460.9,460.9,118.2,18.45,0.29,2.56,1.38,7.59
"Keemilise kiu tootmine",0,0,0,0,0,0,0,0,0,0,0,0,0,0,0,0,0,0,0,0
"Põhifarmaatsiatoodete ja ravimpreparaatide tootmine",14,57308.3,0,298,29.2,0.8,4412.6,2.5,3048.4,88,46.9,4518.4,13.7,0,31.4,7.79,0.27,2.22,1.43,4.2
"Kummi- ja plasttoodete tootmine",209,480996.8,0,1872.8,659.7,14.8,32449.7,1989.5,30039.3,66.3,36,25848.1,1416.4,149.5,870,6.74,0.32,2.11,1.56,0.83
"Kummitoodete tootmine",28,41752.9,0,156.1,61,0.4,2218,228.7,2086.8,44.8,28.8,1175.6,82.1,67.5,268,5.3,0.3,2.46,1.45,5.01
"Plasttoodete tootmine",181,439243.8,0,1716.7,598.7,14.4,30231.7,1760.8,27952.6,69.5,37.1,24672.5,1334.3,82,602,6.87,0.33,2.07,1.57,0.4
"Muude mittemetalsetest mineraalidest toodete tootmine",262,569821.1,0,7570.9,1534.3,1737.2,12254.4,5116.2,5259.8,75.8,34.9,17850.4,176.6,7.9,2270.3,2.16,0.24,3.16,1.46,-4.16
"Klaasi ja klaastoodete tootmine",44,125419.4,0,3256.4,174.4,9.3,8067.4,311.8,6996.9,71.7,41.2,7672.7,68.9,5.4,185,6.42,0.18,4.42,1.27,3.98
"Tulekindlate toodete tootmine",0,0,0,0,0,0,0,0,0,0,0,0,0,0,0,0,0,0,0,0
"Savist ehitusmaterjalide tootmine",10,NA,NA,NA,NA,NA,NA,NA,NA,NA,NA,NA,NA,NA,NA,NA,NA,NA,NA,NA
"Muude portselan- ja keraamikatoodete tootmine",28,5935,0,94,16.1,0,477.5,0.9,552,34.6,18.8,276.5,0,0,0,8.05,0.37,2.35,1.54,18.06
"Tsemendi-, lubja- ja kipsitootmine",2,NA,NA,NA,NA,NA,NA,NA,NA,NA,NA,NA,NA,NA,NA,NA,NA,NA,NA,NA
"Betoon-, tsement- ja kipstoodete tootmine",88,330687.9,0,3358.4,249,1727.5,3109.7,1038.8,1377.4,78.3,32.5,6666.5,105,1.5,1930.6,0.94,0.32,2.38,1.69,1.56
"Kivilõikamine, -vormimine ja -viimistlus",81,49441.8,0,248.9,923.6,0,4285.4,344.7,3661.2,55.5,36.2,1428.2,1.8,0,83.5,8.65,0.29,1.76,1.85,0.32
"Mujal liigitamata abrasiivtoodete ja mittemetalsetest mineraalidest toodete tootmine",9,20182.8,0,151.1,138.4,0,2320.1,489.8,1778.6,205.3,80.9,418.1,1,1,17.6,11.66,0.36,3.04,1.28,2.48
"Metallitootmine",17,84357.1,0,393.2,198.7,0,3063.4,337.2,2375.9,78.6,44.6,3827.7,792.3,0,97.5,3.62,0.34,1.21,2.35,6.74
"Raua, terase ja ferrosulamite tootmine",1,NA,NA,NA,NA,NA,NA,NA,NA,NA,NA,NA,NA,NA,NA,NA,NA,NA,NA,NA
"Terastorude, -õõnesprofiilide jms -toruliitmike tootmine",3,62061.9,0,143.8,181.7,0,4032.7,337.2,3396.7,80,52.1,3542.4,790.3,0,93.5,6.5,0.34,1.07,2.41,2.6
"Muude terase esmatöötlustoodete tootmine",5,1669.5,0,17.2,11.6,0,-28.2,0,-30.5,54.6,23.1,154.1,0,0,0,-1.69,0.38,4.5,1.22,-1.09
"Vääris- ja mitteraudmetallide tootmine",3,NA,NA,NA,NA,NA,NA,NA,NA,NA,NA,NA,NA,NA,NA,NA,NA,NA,NA,NA
"Metallivalu",5,NA,NA,NA,NA,NA,NA,NA,NA,NA,NA,NA,NA,NA,NA,NA,NA,NA,NA,NA
"Metalltoodete tootmine, v.a masinad ja seadmed",1444,1358312,0,5597,6290.9,125,62648.4,3421.5,53750.1,59.9,30.3,61446,1183.7,283,9066.3,4.63,0.36,1.83,1.81,3.68
"Metallkonstruktsioonide tootmine",610,655942.6,0,3348.5,5109.5,38.9,28100,1453,24201.8,63.2,28.8,29204.9,395.1,123,2646.4,4.29,0.42,1.88,1.83,6.28
"Metallpaakide, -reservuaaride ja -mahutite tootmine",15,31885,0,186,80.3,0,318.4,10.3,243.6,46.4,27.3,1423.8,29.7,0,32.6,0.99,0.46,1.37,1.86,8.27
"Aurukatelde tootmine, v.a keskkütte-kuumaveekatlad",4,NA,NA,NA,NA,NA,NA,NA,NA,NA,NA,NA,NA,NA,NA,NA,NA,NA,NA,NA
"Relva- ja laskemoonatootmine",1,NA,NA,NA,NA,NA,NA,NA,NA,NA,NA,NA,NA,NA,NA,NA,NA,NA,NA,NA
"Metalli sepistamine, pressimine, stantsimine ja rullvaltsimine; pulbermetallurgia",60,32316.4,0,51.6,40.1,0,1451.8,210,1202.7,55.7,24,1766.3,0,0,8.7,4.48,0.38,2.15,1.61,1.83
"Metallitöötlus ja metallpindade katmine; mehaaniline metallitöötlus",443,303535.4,0,1097.5,742.6,18.2,18748.7,778.8,16307.2,49.2,30.8,19175.2,272.6,8.5,5651.7,6.17,0.32,1.6,1.97,2.55
"Lõike- ja tööriistade ning rauakaupade tootmine",26,28898.9,0,112.9,65.4,8.2,2159.8,218.7,1815.5,44.2,33.8,1575.3,60.8,0,151.3,8.11,0.26,2.53,1.33,2.21
"Muude metalltoodete tootmine",285,297274.6,0,788.3,243.5,59.6,11779.8,747.9,9943.8,74,34.8,8225.1,423.7,149.7,575.6,3.97,0.31,2.01,1.7,0.72
"Arvutite, elektroonika- ja optikaseadmete tootmine",134,1193715,0,251.4,1048.1,0,32583.3,2516.6,29829.3,121.1,37,24235,3264.4,1006,2321.4,2.73,0.45,1.44,2.53,5.16
"Elektronkomponentide ja trükkplaatide tootmine",31,301855.8,0,73.8,130.3,0,12729.2,884,11116.1,78.3,29.4,2200,151.2,18.7,27.7,4.21,0.46,2.03,1.78,1.79
"Arvutite ja arvuti välisseadmete tootmine",14,25009.4,0,54.6,206.6,0,-4639.1,442.2,-5163.7,59.5,24.5,473.1,1650.1,0,4.1,-18.51,0.2,2.42,1.37,-26.84
"Sideseadmete tootmine",13,NA,NA,NA,NA,NA,NA,NA,NA,NA,NA,NA,NA,NA,NA,NA,NA,NA,NA,NA
"Tarbeelektroonika tootmine",16,13113.6,0,3.9,20.3,0,2717,69.2,2634.7,65.4,45.5,727.3,258.1,68.7,0,20.72,0.23,4.15,1.36,32.61
"Mõõte-, katse- ja navigatsiooniseadmete tootmine; ajanäitajate tootmine",44,134124.5,0,51.5,129.6,0,9116.7,110.3,9926.4,120.1,42.8,3190.6,994.7,918.6,0.6,6.83,0.35,2.78,1.54,13.45
"Kiiritus-, elektromeditsiini- ja elektroteraapiaseadmete tootmine",3,8138.9,0,5.1,76.2,0,802.3,41.5,718.4,36.8,53.2,1195.5,129.7,0,25,9.59,0.27,2.46,1.46,15.63
"Optikainstrumentide ja fotoseadmete tootmine",10,3035.6,0,4.1,32.1,0,280.8,0,248,40.1,39.9,41,0,0,9.7,8.67,0.24,2.22,2.07,11.23
"Magnet- ja optiliste andmekandjate tootmine",3,NA,NA,NA,NA,NA,NA,NA,NA,NA,NA,NA,NA,NA,NA,NA,NA,NA,NA,NA
"Elektriseadmete tootmine",137,780053.5,-5.8,878.3,900.4,174.7,42421.3,5564.7,34473.4,75,33.4,15019,2075.8,526,1976.5,5.44,0.42,1.89,1.7,-1.93
"Elektrimootorite, -generaatorite, trafode ja elektrijaotusseadmete ning juhtaparatuuri tootmine",45,507928.6,0,537,565.4,137.2,21252.6,2617.5,17304.7,74.8,33.3,11142.9,270.9,11.8,1730.9,4.19,0.43,1.49,1.83,-7.29
"Patareide ja akude tootmine",2,NA,NA,NA,NA,NA,NA,NA,NA,NA,NA,NA,NA,NA,NA,NA,NA,NA,NA,NA
"Juhtmestiku ja selle tarvikute tootmine",11,129394.5,0,73.1,35.8,0,5683.3,325,5453.7,141.5,39.6,594.5,51.6,20,0,4.39,0.54,2.9,1.42,12.76
"Elektriliste valgustusseadmete tootmine",26,72654.5,0,121.5,56.6,37.5,14265.7,2504.7,11807.5,88.5,57,2326.8,1.1,0,74,19.59,0.32,2.91,1.46,0.45
"Kodumasinate tootmine",5,NA,NA,NA,NA,NA,NA,NA,NA,NA,NA,NA,NA,NA,NA,NA,NA,NA,NA,NA
"Muude elektriseadmete tootmine",48,64454.1,-5.8,134.4,188.1,0,2419.1,117.5,2225,37.1,21.9,699.1,105.6,1.3,108.1,3.74,0.4,3.52,1.49,1.73
"Mujal liigitamata masinate ja seadmete tootmine",200,485281.1,0,1238.7,707.2,826.4,28417.1,1755.2,28454.8,75,37.4,18145.4,1398.1,388.4,985.2,5.92,0.33,2.19,1.66,2.45
"Üldmasinate tootmine",14,NA,NA,NA,NA,NA,NA,NA,NA,NA,NA,NA,NA,NA,NA,NA,NA,NA,NA,NA
"Muude üldmasinate tootmine",71,219874.4,0,549,198.7,553.2,10406.2,535.5,9254.6,66.2,32.8,7993.5,515.2,314.4,360,4.72,0.38,2.03,1.88,0.46
"Põllu- ja metsamajandusmasinate tootmine",27,103041.3,0,266.1,32.6,57.8,8029.9,190.5,8557.4,109,47.1,4100.2,374.7,0,230,7.76,0.33,2.88,1.36,8.63
"Metallistantside ja muude tööpinkide tootmine",9,NA,NA,NA,NA,NA,NA,NA,NA,NA,NA,NA,NA,NA,NA,NA,NA,NA,NA,NA
"Muude erimasinate tootmine",79,110200.4,0,254.4,447.8,215.4,5307.9,786.5,6245.2,61.9,35.9,5618,386.2,74,363.6,5.17,0.23,2.22,1.55,8.73
"Mootorsõidukite, haagiste ja poolhaagiste tootmine",76,411196.8,0,783.7,686,0.1,19367.1,845.2,17860.7,85,35.1,13097.5,407.5,79.5,324,4.66,0.25,2.84,1.31,7.23
"Mootorsõidukite tootmine",9,17842.4,0,27.6,80.1,0,1480.4,137.5,683.5,66.4,52.7,128.9,8,0,0,7.53,0.27,0.51,3.96,44.09
"Mootorsõidukikerede tootmine; haagiste ja poolhaagiste tootmine",39,108506.6,0,606.1,275.3,0.1,7679.4,264.8,7346.6,72.9,34.3,5011.8,271.7,69.4,310.1,7.06,0.36,2.63,1.48,11.35
"Mootorsõidukite osade ja lisaseadmete tootmine",28,284847.8,0,150,330.6,0,10207.4,442.9,9830.6,92.6,33.9,7956.8,127.8,10.1,13.9,3.56,0.22,3.44,1.24,4.77
"Muude transpordivahendite tootmine",112,125833,0,274.7,1664.6,5.9,770.8,300.9,-2019,73.5,32.1,4551.8,24.1,2.7,33,0.61,0.25,0.92,2.23,13.03
"Laeva- ja paadiehitus",103,106880.2,0,258.6,1589.9,5.9,2809.3,300.9,223.3,69.9,30.7,2985.4,2.7,2.7,30.1,2.62,0.23,0.87,2.22,12.52
"Raudteevedurite ja -veeremi tootmine",1,NA,NA,NA,NA,NA,NA,NA,NA,NA,NA,NA,NA,NA,NA,NA,NA,NA,NA,NA
"Õhu- ja kosmosesõidukite jms tootmine",1,NA,NA,NA,NA,NA,NA,NA,NA,NA,NA,NA,NA,NA,NA,NA,NA,NA,NA,NA
"Militaarveokite tootmine",0,0,0,0,0,0,0,0,0,0,0,0,0,0,0,0,0,0,0,0
"Mujal liigitamata transpordivahendite tootmine",7,NA,NA,NA,NA,NA,NA,NA,NA,NA,NA,NA,NA,NA,NA,NA,NA,NA,NA,NA
"Mööblitootmine",809,598463.9,0,2441.7,2223.6,188,41900.4,1400.1,41614.5,47.2,26.1,22168.3,901.7,112.5,6525.7,6.97,0.38,2.31,1.51,9.09
"Muu tootmine",381,211175.7,0,852.2,472.1,0,17589.5,2999.7,14182.4,53.2,29.6,5899.2,336.5,47.2,790.9,8.32,0.29,2.79,1.5,3.75
"Väärisesemete, ehete jms toodete tootmine",58,8980,0,69.8,27,0,931.6,76.7,1137.5,32.6,23,230.7,0,0,0.8,10.17,0.21,4.6,1.29,24.54
"Muusikariistade tootmine",13,NA,NA,NA,NA,NA,NA,NA,NA,NA,NA,NA,NA,NA,NA,NA,NA,NA,NA,NA
"Sporditarvete tootmine",20,NA,NA,NA,NA,NA,NA,NA,NA,NA,NA,NA,NA,NA,NA,NA,NA,NA,NA,NA
"Mängude ja mänguasjade tootmine",25,764.7,0,5.8,4.3,0,8.1,0,6.3,20.7,13.7,29.3,1.5,0,0,1.06,0.13,2.56,1.71,-1.01
"Meditsiini- ja hambaraviinstrumentide ning materjalide tootmine",109,88507.5,0,97.8,119.1,0,4523,118.3,3930,58.9,29.5,2188.7,61.5,47.2,231.6,5.09,0.32,2.2,1.68,6.17
"Mujal liigitamata tootmine",156,89570.9,0,523.8,205,0,9013.3,2617.2,6098.9,58.7,32.7,2757.2,273.5,0,528.1,10.06,0.33,2.4,1.61,-4.65
"Masinate ja seadmete remont ja paigaldus",792,525998.4,0,2066,6814.6,22.8,30267,2656.3,14648,52.8,30.4,23191.4,142.6,52.2,11846.5,5.74,0.38,2.53,1.67,-12.67
"Metalltoodete, masinate ja seadmete remont",637,448778,0,1515.7,5305.4,18.9,24662.7,1888.3,9810.1,51.4,29.9,21820.9,131.6,52.2,11665.1,5.48,0.37,2.5,1.72,-14.36
"Tööstuslike masinate ja seadmete paigaldus",155,77220.4,0,550.4,1509.2,3.9,5604.4,768,4838,62.7,33.9,1370.5,10.9,0,181.4,7.25,0.39,2.75,1.43,-1.64
"Elektrienergia, gaasi, auru ja konditsioneeritud õhuga varustamine",348,1862001.5,0,196462.1,322.2,177.3,173242.5,8965.6,126715.5,224.8,129,352771,8806.6,563.3,27093.4,9.25,0.06,1.13,2.06,5.13
"Elektrienergia tootmine, ülekanne ja jaotus",247,1313063.4,0,93266.1,258.7,3.2,93899.9,6528.9,66293.2,218.5,132.8,274361.9,7424.2,498.8,24241.9,7.15,0.05,1.09,2.07,5.42
"Elektrienergia tootmine",193,735413.1,0,92026.7,130.3,0,17770,802.7,2557.9,186.2,109.2,98070.1,96.3,0,21194.7,2.42,0.04,1.18,1.95,5.73
"Gaasitootmine; gaaskütuste jaotus magistraalvõrkude kaudu",26,179237.2,0,4083.1,26.1,1.8,23208.2,0,20655,720,238.5,7534,842.5,0,50.7,12.94,0.21,1.29,4.66,2.58
"Auru ja konditsioneeritud õhuga varustamine",75,369700.9,0,99112.9,37.4,172.4,56134.5,2436.8,39767.3,183.5,103.8,70875.1,539.9,64.5,2800.8,14.77,0.1,1.57,1.76,3.49
"Veevarustus; kanalisatsioon; jäätme- ja saastekäitlus",275,614937,0,10293.2,352.8,15.4,52633.5,5754.5,44280.6,99.2,47.1,103633.5,429.3,35.1,3665.6,8.58,0.1,1.94,1.34,3.3
"Veekogumine, -töötlus ja -varustus",65,128122.4,0,1132.7,33.1,5.4,37616.4,4325.9,32817.1,62.8,74,75381.3,183.9,32.3,977.4,29.33,0.03,2.01,1.27,3.24
"Kanalisatsioon",48,NA,NA,NA,NA,NA,NA,NA,NA,NA,NA,NA,NA,NA,NA,NA,NA,NA,NA,NA
"Jäätmekogumine, -töötlus ja -kõrvaldus; materjalide taaskasutusele võtmine",156,477490.3,0,8824.8,298.6,10,12804.9,1392.4,9319.3,121.2,33.4,25028.3,245.3,2.9,2631.5,2.7,0.43,1.89,1.8,3.4
"Jäätmekogumine",49,99991.7,0,4712.1,119.5,0,544.6,168.7,181.3,51.3,29.6,11635.5,225.3,0,2071.9,0.54,0.28,1.67,1.76,4.04
"Jäätmetöötlus ja -kõrvaldus",34,58178.7,0,1916,42.2,10,7638.5,608.4,6341.3,62.5,43.6,7333.5,17.2,0,49.9,13.21,0.19,2.62,1.81,6.63
"Materjalide taaskasutusele võtmine",73,319319.9,0,2196.8,136.9,0,4621.8,615.3,2796.7,301.7,31.5,6059.3,2.9,2.9,509.8,1.46,0.72,1.78,1.83,0.71
"Saastekäitlus ja muud jäätmekäitlustegevused",6,NA,NA,NA,NA,NA,NA,NA,NA,NA,NA,NA,NA,NA,NA,NA,NA,NA,NA,NA
"Ehitus",12958,5950212.4,155.2,87862,49794.3,1547.7,304092.2,17476.3,301823.2,68.1,27.9,236737.5,2035.2,503.6,29602.9,5.12,0.38,2.07,1.75,7.56
"Hoonete ehitus",4916,2752948.9,21.4,18060.7,19577.5,408.5,141739.3,6206.9,141285.7,84.5,29.2,99232.3,868.2,1.1,6357.5,5.15,0.36,2.05,1.86,6.67
"Hoonestusprojektide arendus",296,197592.8,0,1786.8,1133.9,2.6,40748.8,330.9,38930.5,528.3,102.8,41887.3,706.9,0,41.6,20.62,0.11,1.79,2.58,16.35
"Elamute ja mitteeluhoonete ehitus",4620,2555356.1,21.4,16273.9,18443.6,405.8,100990.5,5876,102355.1,79.3,28.4,57345,161.3,1.1,6315.9,3.96,0.43,2.13,1.71,3.83
"Rajatiste ehitus",980,1434851.2,0,33419.4,5090.1,415.8,80460.5,4845.4,75513.9,96.7,39.6,73025.3,473.2,27.5,12290.1,5.61,0.43,1.64,1.87,14.27
"Teede ja raudteede ehitus",272,724720.7,0,17881.1,1982.6,313.2,33274.5,2456.1,33887.7,120.2,44.8,29566.9,259.6,25.2,4504.5,4.59,0.41,1.57,1.73,6.22
"Tehnovõrgutrasside ehitus",403,570807.7,0,12565.4,1684.6,80,35362.6,1979.6,30867,80.8,37.1,21783.7,213.6,2.3,2361.8,6.2,0.47,1.96,2.1,11.93
"Muude rajatiste ehitus",305,139322.8,0,2972.9,1422.9,22.7,11823.4,409.7,10759.3,79.4,31.4,21674.8,0,0,5423.8,8.51,0.36,1.2,1.9,72.12
"Eriehitustööd",7062,1762412.3,133.8,36381.9,25126.7,723.3,81892.4,6424,85023.6,44.1,22.6,64479.9,693.9,475.1,10955.2,4.67,0.39,2.54,1.53,4.33
"Lammutamine ja ehitusplatside ettevalmistus",489,158272.4,121.5,12708.1,678.5,133.7,11600.2,478.8,10460.8,52,32.5,17079.6,464.5,462.7,2227.3,7.33,0.28,1.69,1.68,9.07
"Elektriinstallatsioon ja torustiku paigaldus jm ehituspaigaldustööd",2689,847860.2,11.8,9318.8,8584.2,227.1,29247.1,2657,29711.7,50.6,22.7,18967.1,224.6,11.6,2825.7,3.46,0.41,2.82,1.5,1.61
"Ehitiste viimistlus ja lõpetamine",1989,302593.3,0.5,6042.3,6346.5,145.6,15803.2,1697.8,21998.2,31.8,19.1,11207.3,0.8,0.8,796.9,5.35,0.45,2.85,1.48,12.27
"Muud eriehitustööd",1895,453686.5,0,8312.6,9517.5,217,25242,1590.5,22852.9,42.8,22.8,17225.9,4,0,5105.3,5.56,0.37,2.25,1.56,2.73
"Hulgi- ja jaekaubandus; mootorsõidukite ja mootorrataste remont",18359,26936429.3,598.3,44831.3,32730.2,1458.6,971652,66398.6,881534.1,178.4,32.6,421972,58640.4,4970.1,79240.2,3.64,0.44,1.91,1.71,5.1
"Mootorsõidukite ja mootorrataste hulgi- ja jaemüük ning remont",3748,3178470.3,0.3,6725.5,4906.6,360.5,98212.3,6435,98503.5,147,31.4,73589.3,19646.1,874.3,14381.4,3.11,0.5,2.22,1.73,4.78
"Mootorsõidukite müük",864,2306662.9,0.9,2318.7,911.9,307.8,65112.2,5089.3,67586.1,314,48.5,46213.8,19146.5,699.4,9397.1,2.83,0.57,2.18,1.81,5.16
"Mootorsõidukite hooldus ja remont",1997,283066.6,-0.6,2898.6,3373.2,31.8,14776.2,432.8,12148.9,31.7,18.9,18427.8,96.5,68,2809.5,5.23,0.35,1.88,1.82,4.4
"Mootorsõidukite osade ja lisaseadmete müük",804,547903,0,1420.3,579.9,18.4,16570.8,908.8,17124.1,108.6,28.7,8129.3,400.6,104.9,2098.1,3.09,0.39,2.58,1.49,3.74
"Mootorrataste, nende osade ja lisaseadmete müük, hooldus ja remont",83,40837.8,0,87.9,41.6,2.6,1753.1,4.1,1644.4,132.4,28.6,818.4,2.5,1.9,76.7,4.29,0.44,2.25,1.7,7.68
"Hulgikaubandus, v.a mootorsõidukid ja mootorrattad",7776,15780607.1,685.5,28637.1,18301.8,506.8,640586.9,44042.6,559281.1,333.9,51.8,174664,9334.1,1847.1,48777.1,4.08,0.39,2.03,1.61,4.47
"Hulgimüük vahendustasu või lepingu alusel",737,358670.3,-3.8,333.4,531.8,7.1,40850.3,1538,43799.2,276.9,82.5,8207.5,179.7,0,626,11.4,0.32,2.98,1.6,12.12
"Põllumajandustoorme ja elusloomade hulgimüük",171,1380419.8,-136.2,2651.6,1264.3,38.8,18854.1,498.3,16784.7,1132,63.7,12306.7,189.8,0,1690.5,1.37,0.75,1.91,2.36,-11.34
"Toidukaupade, jookide ja tubakatoodete hulgimüük",882,2527842.2,-50.4,5846.4,1776.4,161.5,56430.5,8760.5,61370,272.2,35.4,22099.2,2317.7,303.1,3113.2,2.24,0.62,1.59,2.19,-0.26
"Kodutarvete hulgimüük",1286,2009145.7,-7.2,2608.5,4562.6,33.4,112818.7,10186.9,99286.7,247.4,50.9,16390.9,1000.3,350.5,2839.1,5.63,0.42,2.11,1.75,5.69
"Info- ja sidetehnika hulgimüük",315,614903.2,0,492.6,1010.8,1.8,33027.4,1424.3,33182.4,272.8,57.1,2284.2,3686.7,666.5,204.3,5.37,0.61,2.53,1.62,16.79
"Muude masinate, seadmete ja lisaseadmete hulgimüük",1084,1501634.9,1.4,4200.7,3500,41.4,82444.2,4825.5,72707.2,194.1,50.7,34587.7,1068.9,148.6,7643.9,5.5,0.38,2.35,1.69,3.96
"Muu spetsialiseeritud hulgimüük",1753,6316460,881.7,10308.2,4699.4,202.5,222883.1,12226.1,164255.5,487.6,59.5,66065.8,615.6,217.4,31590.6,3.58,0.31,1.93,1.44,5.96
"Spetsialiseerimata hulgikaubandus",1548,1071531,0,2195.7,956.4,20.3,73278.6,4583,67895.4,243.6,52.7,12722.2,275.4,161.1,1069.5,6.85,0.39,2.49,1.76,3.41
"Jaekaubandus, v.a mootorsõidukid ja mootorrattad",6835,7977352,-87.6,9468.7,9521.7,591.3,232852.8,15921.1,223749.6,97.2,22.5,173718.6,29660.2,2248.7,16081.7,2.99,0.57,1.5,2.06,7.07
"Jaemüük spetsialiseerimata kauplustes",939,3088726.7,-31.5,2104,5551.2,26,51169.4,4199.4,45458.8,82.8,18.8,97899,3692.4,865.2,4830.1,1.8,0.65,1,2.24,10.48
"Jaemüük spetsialiseerimata kauplustes, kus on ülekaalus toidukaubad, joogid ja tubakatooted",399,2827298.3,0,1858.5,5032.2,26,42072.5,3279.7,40294.3,87.1,19,90704.3,3631.8,804.7,4475.7,1.64,0.68,0.88,2.41,11.76
"Jaemüük muudes spetsialiseerimata kauplustes",540,261428.4,-31.5,245.4,519,0,9096.9,919.8,5164.6,54.3,17.6,7194.7,60.6,60.4,354.4,3.51,0.43,2.12,1.51,2.22
"Toidukaupade, jookide ja tubakatoodete jaemüük spetsialiseeritud kauplustes",290,110126.9,0,143.3,82.2,5.2,2013.8,108.8,1779.2,51.3,12.5,2445.1,17.3,2.3,51.5,1.83,0.77,1.41,2.68,11.9
"Mootorikütuse jaemüük spetsialiseeritud kauplustes",45,1109989.9,0,1379,165.6,514.9,34179.2,2420,28610,337.5,48.2,19051.2,903.9,0,819.2,3.13,0.64,1.06,2.75,-18.33
"Info- ja sidetehnika jaemüük spetsialiseeritud kauplustes",248,219308.4,0,157.3,62.7,0,9264.9,285.8,7941.4,138.1,31.2,1316.5,834.2,289.5,171.2,4.22,0.45,1.46,2.15,9.4
"Arvutite, välisseadmete ja tarkvara jaemüük, telekommunikatsiooniseadmete jaemüük",211,204060.6,0,134.9,45.4,0,8749.4,257.3,7425.3,138.9,31.5,1221.2,834.2,289.5,165.4,4.28,0.45,1.41,2.2,9.88
"Heli- ja videoseadmete jaemüük spetsialiseeritud kauplustes",37,NA,NA,NA,NA,NA,NA,NA,NA,NA,NA,NA,NA,NA,NA,NA,NA,NA,NA,NA
"Muude kodutarvete jaemüük spetsialiseeritud kauplustes",680,1227248.9,0,2729.6,622,14.2,54691.9,3439.9,56013.5,109.8,30.7,17825.9,917,105.1,1275,4.49,0.45,2.02,1.8,7.69
"Tekstiiltoodete jaemüük spetsialiseeritud kauplustes",94,19016.4,0,50.7,31.5,0,1115.4,0,1073,30.1,14.7,191.4,0,0,2,5.94,0.17,1.75,2.06,2.6
"Rauakaupade, värvide ja klaasi jaemüük spetsialiseeritud kauplustes",241,794632.7,0,2039.1,275.4,10.4,31994.5,2973.7,28680.9,117.5,32.5,14318.4,573.3,22.5,473.2,4.07,0.43,2.01,1.83,4.51
"Vaipade, mattide, seina- ja põrandakatete jaemüük spetsialiseeritud kauplustes",14,3060.4,0,15.6,10.2,0,125.7,14.1,108.3,48.3,18.8,30.5,0,0,0,4.1,0.33,4.56,1.54,-1.34
"Elektriliste kodumasinate jaemüük spetsialiseeritud kauplustes",60,184973.6,0,129.1,26,0,4908.1,211,5002.5,153.9,31.2,860.4,31.6,28.6,35.8,2.66,0.98,1.48,2.56,26
"Mööbli, valgustite ja muude kodutarvete jaemüük spetsialiseeritud kauplustes",271,225565.8,0,495.1,278.9,3.8,16548.2,241.1,21148.9,89.6,30.5,2425.1,312.1,54,764.1,7.34,0.43,2.58,1.5,14.5
"Kultuuri- ja vaba aja kaupade jaemüük spetsialiseeritud kauplustes",246,275537.3,0,224.1,221,0.1,16047.1,356.5,15184.2,90.2,26.6,6168.9,563.8,294.1,241.2,5.83,0.48,2.07,1.87,8.72
"Raamatute, ajalehtede ja kirjatarvete jaemüük",45,NA,NA,NA,NA,NA,NA,NA,NA,NA,NA,NA,NA,NA,NA,NA,NA,NA,NA,NA
"Muusika- ja videosalvestiste jaemüük spetsialiseeritud kauplustes",19,NA,NA,NA,NA,NA,NA,NA,NA,NA,NA,NA,NA,NA,NA,NA,NA,NA,NA,NA
"Sporditarvete, mängude ja mänguasjade jaemüük",182,206565.3,0,144.1,201.4,0.1,13579,265.3,12817.3,104.5,28.3,3353.4,282.2,12.5,201.7,6.55,0.53,2.16,1.88,10.53
"Muude kaupade jaemüük spetsialiseeritud kauplustes",1823,1326028.2,-61.1,1675.3,1338,24,31069.8,3646.5,31546.2,73.7,19.2,19913.4,20252.3,618.8,8440.8,2.37,0.51,1.95,1.83,11.11
"Rõivaste jaemüük spetsialiseeritud kauplustes",370,280928.6,0,185.1,355.3,5.7,5976.3,781.3,4755.4,56.7,18.8,10132.1,756.1,498.6,368.8,2.12,0.37,1.85,1.89,-1.6
"Jalatsite ja nahktoodete jaemüük spetsialiseeritud kauplustes",64,40810.2,0,35.1,63.8,0,-5110.8,76.5,-5245.2,46.6,4.9,713.7,7.4,7.4,207.9,-12,0.24,2.48,1.76,-20.94
"Apteekide tegevus, meditsiini- ja ortopeediakaupade jaemüük",227,344293.6,0,209.5,94.6,4.7,8464.3,305.7,8079.3,110.7,24.2,925.1,18655.7,31,38.4,2.53,0.88,0.97,5.59,121.41
"Kosmeetika ja tualetitarvete jaemüük spetsialiseeritud kauplustes",104,54373.5,0,62,34.4,0.2,5401.5,923.3,4318,55.5,23,646.4,74.4,0,377.8,9.92,0.51,2.2,1.81,5.9
"Lillede, taimede, seemnete, väetiste, lemmikloomade ja lemmikloomatoidu jaemüük spetsialiseeritud kauplustes",345,94181.1,-61.1,467.4,104.5,0,2142.1,107.2,1462.5,35.5,15.1,2410.4,82,78.5,35.5,2.31,0.41,2.02,1.98,18.92
"Kellade ja ehete jaemüük spetsialiseeritud kauplustes",96,28953.6,0,32.6,68.5,0.7,2661.1,85,2654.3,37.4,18.7,646.6,7.4,2.9,376.4,9.18,0.16,4.11,1.43,-2.19
"Muude uute kaupade jaemüük spetsialiseeritud kauplustes",482,461838.7,0,577.6,584.9,12.6,11840.2,1362.2,15890.4,128.4,22.6,3924.4,669.3,0.6,7034.5,2.56,0.64,4.13,1.35,-1.1
"Kasutatud kaupade jaemüük kauplustes",135,20648.9,0,106,32.1,0,-304.8,5.4,-368.4,20.2,13,514.7,0,0,1.5,-1.47,0.45,2,2.16,-6.83
"Jaemüük kioskites ja turgudel",301,48542.4,0,211.5,229.6,0,-3658.7,32,-3677.3,34.1,7.8,1684.2,61,0,23.4,-7.53,0.73,1.52,2.73,12.12
"Jaemüük väljaspool kauplusi, kioskeid ja turge",2263,571843.3,5,844.6,1249.3,6.9,38075.5,1432,40893.4,139.6,34.5,7414.4,2418.3,73.6,229.5,6.66,0.59,1.97,1.89,28.77
"Jaemüük posti või interneti teel",1462,464279.4,0,678.3,1067.3,4.6,28786.5,1214.5,29072.6,168,38.3,3890.5,2407.5,72.6,38.8,6.2,0.74,1.82,2.01,35.1
"Muu jaemüük väljaspool kauplusi, kioskeid ja turge",801,107563.8,5,166.3,182,2.3,9289,217.5,11820.9,80.7,26.6,3523.8,10.8,1,190.7,8.64,0.32,2.43,1.71,17.86
"Veondus ja laondus",5905,4743807.3,1018,379499.3,49239.6,2599.2,189680.1,18898.7,234389.4,74,34.1,400656.6,10345.4,4523.5,67961,4,0.17,1.91,1.98,2.51
"Maismaaveondus ja torutransport",4051,1570951.6,280.9,306197.3,39780.5,1911.4,72463.9,5588.3,59092.8,46.1,25,171427.6,596.6,30.9,32616.9,4.72,0.29,1.53,1.93,2.18
"Raudteetransport",4,NA,NA,NA,NA,NA,NA,NA,NA,NA,NA,NA,NA,NA,NA,NA,NA,NA,NA,NA
"Sõitjate muu maismaavedu",768,NA,NA,NA,NA,NA,NA,NA,NA,NA,NA,NA,NA,NA,NA,NA,NA,NA,NA,NA
"Kaubavedu maanteel ja kolimisteenused",3279,1396684,283.3,274192.9,39000.3,1613.9,71143.3,3043.6,63480.5,48.8,24.9,96260.7,68.1,2,22205.5,5.33,0.35,1.57,1.82,1.38
"Veetransport",44,NA,NA,NA,NA,NA,NA,NA,NA,NA,NA,NA,NA,NA,NA,NA,NA,NA,NA,NA
"Õhutransport",28,NA,NA,NA,NA,NA,NA,NA,NA,NA,NA,NA,NA,NA,NA,NA,NA,NA,NA,NA
"Laondus ja veondust abistavad tegevusalad",1583,2473064,737.1,24693.6,5648.6,681.4,169015.9,11636.9,146709.7,122.9,52.4,170021.8,4049.6,698.7,12058.3,6.77,0.17,1.7,1.86,2.18
"Laondus",85,162467.1,0,2313.8,657.1,319.1,20166.8,275.3,13991.3,62.4,54.2,8982.2,251.5,57.6,907.4,12.44,0.1,1.52,1.87,3.06
"Veondust abistavad tegevusalad",1498,2310596.9,737.1,22379.8,4991.5,362.2,148849.2,11361.6,132718.4,131.7,52.1,161039.6,3798.1,641.1,11150.9,6.37,0.19,1.72,1.85,2.06
"Posti- ja kullerteenus",199,211961.9,0,1765.8,210.1,0.1,9610.5,202,9970.2,39.8,24.1,5718.7,2083.1,218.9,1042,4.49,0.31,1.16,3.03,6.05
"Universaalne postiteenus",2,NA,NA,NA,NA,NA,NA,NA,NA,NA,NA,NA,NA,NA,NA,NA,NA,NA,NA,NA
"Muu posti- ja kullerteenus",197,NA,NA,NA,NA,NA,NA,NA,NA,NA,NA,NA,NA,NA,NA,NA,NA,NA,NA,NA
"Majutus ja toitlustus",3367,724192.1,-46.9,3610.9,823.8,2553.9,-33909.5,2251.9,-38837.5,21,12.2,55256.7,936,120,4139.2,-4.58,0.19,1.38,2.11,-1.74
"Majutus",966,170397.9,-2.3,1133.9,279.3,2049.1,-31585.4,884.1,-34294.6,22.3,13.1,25766.6,118,44.4,2632.2,-17.86,0.07,1.42,2.02,-2.85
"Hotellid ja muu sarnane majutus",279,133325.7,3.9,735.2,199.3,2048.8,-37622.2,691.8,-42498.2,20.9,11.6,15201.9,49.1,16,1389.8,-27.03,0.07,1.49,2.01,-8.58
"Puhkuse- ja muu lühiajaline majutus",667,36589,-6.2,396.5,79.2,0.3,5862.8,192.3,8128,29.4,21.6,10120.2,68.9,28.4,1242.5,15.77,0.06,1.33,2.02,15.41
"Laagriplatsid, vagunelamute ja haagissuvilate parkimisplatsid",8,207.3,0,0.7,0.3,0,-12.6,0,-18.4,11.8,9,58.7,0,0,0,-6.06,0.13,1.69,1.94,18.38
"Muu majutus",12,275.9,0,1.5,0.6,0,186.5,0,94,33.2,4.2,385.9,0,0,0,67.58,0.03,0.22,2.75,22.92
"Toidu ja joogi serveerimine",2401,553794.3,-44.6,2477,544.4,504.7,-2324,1367.7,-4542.9,20.7,12,29490.1,818.1,75.6,1507,-0.4,0.42,1.34,2.31,0.46
"Restoranid ja liikuvad toitlustuskohad",1837,480270.3,-0.1,2022.3,424,493.4,-304.3,1128.7,-1194.9,20.7,12.3,25328.7,786.5,75.6,1200.4,-0.05,0.44,1.3,2.34,0.74
"Toitlustamine üritustel jm toitlustamine",392,49954.5,-44.5,422.8,57.4,11.4,-865.7,185.2,-1197.9,19.5,10.7,3542.7,17.2,0,227.3,-1.7,0.31,1.39,2.34,3.62
"Jookide serveerimine",172,23569.4,0,31.9,63,0,-1154.1,53.8,-2150,22.8,8.6,618.7,14.3,0,79.3,-4.78,0.38,1.9,1.83,-11.61
"Info ja side",7449,3244763.1,-1.6,3801.5,21028.7,88.5,297853.3,29541.5,355947.7,70.2,55.7,162523.4,103823.3,14268.1,5354.3,9.14,0.22,2.18,1.57,24.51
"Kirjastamine",611,187047.9,0,389.7,1484.2,27.4,7685.1,742.6,7368.1,43.6,33.7,4723.1,7653.6,220.8,2816.8,4.09,0.33,1.65,1.87,8.71
"Raamatu-, perioodika- jm kirjastamine",330,137446.8,0,314,277.3,26.3,3765.2,419.7,3998.7,37.3,30.7,4141.8,2353.4,220.8,2796.3,2.73,0.31,1.52,1.91,-0.46
"Tarkvara kirjastamine",281,49601.1,0,75.7,1207,1.1,3919.9,322.9,3369.4,83,54.4,581.4,5300.3,0,20.5,7.9,0.37,2.14,1.75,46.35
"Kinofilmide, videote ja telesaadete tootmine; helisalvestiste ja muusika kirjastamine",796,102270.5,0,367.2,392.2,0,5382.4,954.7,9922.9,52,23.5,6000.3,285.2,220.6,257.1,5.04,0.21,2.53,1.76,-3.02
"Kinofilmide, videote ja telesaadetega seotud tegevusalad",722,97012.1,0,352.6,357.1,0,4725.1,902,9388.4,53.3,23.5,5495.1,278,220.6,183.3,4.65,0.21,2.5,1.78,-3.89
"Helisalvestiste ja muusika kirjastamine",74,5258.4,0,14.6,35.1,0,657.3,52.7,534.5,35.6,23.5,505.2,7.2,0,73.8,12.43,0.2,3.04,1.4,13.8
"Meediateenused",10,NA,NA,NA,NA,NA,NA,NA,NA,NA,NA,NA,NA,NA,NA,NA,NA,NA,NA,NA
"Raadioteenused",7,5665.4,0,6.6,7.8,0,-132.4,0,-90.1,37.6,25.8,8.1,0,0,0,-2.34,0.36,1.22,1.55,-3.98
"Televisiooniteenused ehk lineaarsed audiovisuaalmeedia teenused",3,NA,NA,NA,NA,NA,NA,NA,NA,NA,NA,NA,NA,NA,NA,NA,NA,NA,NA,NA
"Elektroonilise side teenus",196,NA,NA,NA,NA,NA,NA,NA,NA,NA,NA,NA,NA,NA,NA,NA,NA,NA,NA,NA
"Fikseeritud sidevõrgu teenused",27,NA,NA,NA,NA,NA,NA,NA,NA,NA,NA,NA,NA,NA,NA,NA,NA,NA,NA,NA
"Traadita elektroonilise side teenused",28,570790.1,0,540.3,347.9,0,66831.5,7909.9,58039.9,119.4,94.6,60642.9,18852.5,384.2,56.9,11.7,0.22,1.23,2.03,9.86
"Satelliitsideteenused",6,NA,NA,NA,NA,NA,NA,NA,NA,NA,NA,NA,NA,NA,NA,NA,NA,NA,NA,NA
"Elektroonilise side muud teenused",135,150957.2,0,386.8,347.4,0,6347.5,1815.1,16552.6,115.8,46.6,2549.3,946.1,184.7,66.8,4.2,0.27,1.93,1.64,5.46
"Programmeerimine, konsultatsioonid jms tegevused",4768,1805927.9,-1.6,1534.6,16100.4,36.3,163752,13743.3,220455,65.8,55.2,52718.3,53343.9,8153.2,2069.5,9.02,0.3,3.43,1.54,48.74
"Infoalane tegevus",1068,300105.3,0,383,2233.1,24.7,38046.6,4363.6,35480.6,57.2,50.5,26110,18052.1,439.1,67.9,12.66,0.16,1.18,1.52,30.85
"Andmetöötlus, veebihosting jms tegevused; veebiportaalide tegevus",743,257850.8,0,262.9,1868.1,2.9,34794.1,3879.5,32202.4,60.3,56.4,24147.1,17677.1,386.9,14.8,13.45,0.15,1.03,1.53,33.27
"Muu infoalane tegevus",325,42254.5,0,120.1,365.1,21.9,3252.5,484.1,3278.2,43.4,27,1962.9,375,52.2,53.1,7.86,0.2,2.99,1.48,13.12
"Kinnisvaraalane tegevus",7348,1916556.8,145.2,14111.5,4325.7,7336.3,734918.1,30847.4,772018,128.9,109.4,717479.3,4233,202.1,23829.9,38.35,0.03,1.32,1.88,4.76
"Enda kinnisvara ost ja müük",688,426361.6,0,3602.9,1583.3,24.2,61340.4,2035.8,72218.9,549.6,105.1,33979.4,6.4,0,3888.6,14.43,0.08,2.51,1.9,2.92
"Enda või renditud kinnisvara üürileandmine ja käitus",4806,1255447.9,148.9,8124.7,1740.8,6758.2,621452.5,24962.7,626835.2,158.4,180.6,574596.6,354.2,92.8,17313.7,49.5,0.02,1.12,1.9,4.42
"Kinnisvaraalane tegevus tasu eest või lepingu alusel",1854,234747.3,-3.7,2383.9,1001.6,553.9,52125.2,3848.9,72963.9,38.2,26.5,108903.4,3872.4,109.3,2627.6,22.2,0.07,2.29,1.57,15.25
"Kutse-, teadus- ja tehnikaalane tegevus",15305,2155129,106.1,10169.6,21742,613.5,339724.8,31164.7,659610,47.2,36,135309.2,28710.5,2354.3,15891,15.72,0.07,2.3,1.43,5.94
"Juriidilised toimingud ja arvepidamine",4337,361307.1,4.8,1493.2,2867.7,19.1,69581,8058.6,89831.6,28.2,29.9,14167.4,1404.8,759.7,2397.8,19.27,0.14,3.34,1.29,8.99
"Juriidilised toimingud",722,143478.7,0,488.5,1609.4,13.5,44047.9,5540.2,39355.5,44.1,51.2,2477.4,680.4,69.8,427.6,30.71,0.24,3.37,1.39,8.33
"Arvepidamine, raamatupidamine ja auditeerimine; maksualane nõustamine",3615,217828.4,4.8,1004.7,1258.4,5.6,25533.1,2518.4,50476.1,22.8,22.9,11690,724.4,689.9,1970.2,11.73,0.11,3.32,1.26,9.19
"Peakontorite tegevus; juhtimisalane nõustamine",3865,558240.5,40.5,1304.9,9843.3,270.3,108941.1,9406,406353.5,64.8,51.6,69875.1,13256.4,981.1,8828.5,19.54,0.02,2.17,1.43,3.45
"Peakontorite tegevus",170,140771.2,0,306.1,941.5,218,25.2,2009.1,222310,77.7,58.5,28629.1,11853.8,742.7,1372.5,0.08,0.01,1.96,1.5,1.02
"Juhtimisalane nõustamine",3695,417469.3,40.5,998.8,8901.8,52.3,108916,7396.9,184043.5,61.4,49.9,41246,1402.6,238.4,7456,26.11,0.05,2.53,1.3,8.38
"Arhitekti- ja inseneritegevused; teimimine ja analüüs",2523,425348.5,0,4617,4314.5,269.9,49949.4,5441.1,47094.4,37.5,32.7,18953.4,2318.6,137.7,1660.4,11.74,0.2,2.31,1.52,11.69
"Arhitekti- ja inseneritegevused ning nendega seotud tehniline nõustamine",2373,367957.4,0,4041.9,3732.5,232.6,44226.6,4791.4,41378.6,39,32.5,14804.4,2161,57.7,1528.2,12.02,0.2,2.2,1.57,12.68
"Teimimine ja analüüs",150,57391.1,0,575.1,582,37.3,5722.8,649.7,5715.8,30.3,33.8,4149.1,157.6,80,132.1,9.99,0.2,3.49,1.27,5.5
"Teadus- ja arendustegevus",270,53078.2,0,44.8,723.9,14,7985.8,618,6856.6,43.4,41.3,6952.7,8942.2,23.4,184.7,13.53,0.16,1.92,1.75,33.63
"Teadus- ja arendustegevus loodus- ja tehnikateaduste vallas",234,47417.9,0,38.6,715,14,6638.1,555.8,5637.3,43.3,40.1,6940.8,7456.2,23.4,184.7,12.44,0.16,1.85,1.8,38.35
"Teadus- ja arendustegevus sotsiaal- ja humanitaarteaduste vallas",36,5660.2,0,6.2,8.9,0,1347.7,62.2,1219.2,44.8,52.5,11.9,1486,0,0,23.78,0.14,4.17,1.45,4.57
"Reklaamindus ja turu-uuringud",1426,462304.3,0,679.3,1448.7,36,64845.8,4389.5,68313.8,92.5,44.8,9362.3,2268.6,391.3,1813.1,14.01,0.35,2.72,1.53,9.42
"Reklaamindus",1347,438446.8,0,647.5,1269.6,36,61782.6,4195.2,64756.1,97.9,47.1,9281.9,2258,391.3,1800.1,14.08,0.36,2.69,1.54,9.31
"Turu-uuringud ja avaliku arvamuse küsitlused",79,23857.5,0,31.8,179.1,0,3063.2,194.3,3557.7,46.1,28.4,80.4,10.6,0,13,12.8,0.29,3.07,1.48,11.1
"Muu kutse-, teadus- ja tehnikaalane tegevus",2741,266188.3,57.3,1985.2,2466.3,4.2,36195.8,3107.2,39260.5,46.1,24.7,14291.7,520,61.1,994.7,13.59,0.2,2.03,1.64,29.07
"Disainerite tegevus",1015,73899.2,47.2,429.6,1136.8,0,8599.3,835.9,7906.2,36.6,21.5,1717.4,150.2,0,112.4,11.62,0.31,4.3,1.36,8.09
"Fotograafia",354,12200.2,0,200.5,59.3,4.2,509.3,87.1,588.4,20.6,12.4,750.2,61.1,61.1,16.4,4.17,0.22,3.81,1.33,6.86
"Kirjalik ja suuline tõlge",466,31086.1,8.4,79.7,251.5,0,5320.4,504.3,4897.9,26.8,20.7,952.9,0,0,524.9,17.09,0.33,4.3,1.29,15.68
"Muu mujal liigitamata kutse-, teadus- ja tehnikaalane tegevus",906,149002.7,1.7,1275.3,1018.7,0,21766.7,1679.9,25868,74.3,33.8,10871.1,308.6,0,340.9,14.61,0.16,1.63,1.81,38.24
"Veterinaaria",143,28662.2,3.5,45.2,77.6,0,2225.8,144.3,1899.6,33.1,25.1,1706.6,0,0,11.8,7.77,0.45,1.84,2.17,15.31
"Haldus- ja abitegevused",5636,1599392.7,28.2,18539.3,13183.5,1529.3,135307.3,12709.3,143015.2,32.9,23.8,156677.7,4844.8,327,42638.8,8.44,0.12,2.11,1.6,11.6
"Rentimine ja kasutusrent",1428,511406.7,-11.3,5656.5,1910.9,1286.1,62449.5,6678.2,57733.9,111.1,85.8,107983.6,332.5,138.6,38479,12.23,0.06,1.88,1.59,13.67
"Mootorsõidukite rentimine ja kasutusrent",542,122367.5,-1.5,1546.9,395.6,242.5,15180.9,527.6,22389.1,142.1,87.8,37029.4,20.5,0,19489.5,12.4,0.09,1.76,1.7,5.45
"Tarbeesemete ja kodumasinate väljaüürimine ja kasutusrent",89,35586,0,661.6,123.3,0.1,1615.4,28.5,1655.5,49.6,31.5,2680.6,45.9,9.6,150.4,4.56,0.25,1.15,2.63,-9.1
"Muude masinate, seadmete ja materiaalse vara rentimine ja kasutusrent",747,327530.4,-9.8,3432.7,1349.7,1043.4,49504,6006.3,44533.5,111.3,96.5,67720.6,155.6,128.9,18838,15.14,0.06,2.07,1.48,-2.15
"Intellektuaalomandi ja sarnaste toodete (v.a autoriõigusega tööd) rentimine",50,25922.8,0,15.3,42.2,0,-3850.8,115.8,-10844.1,312.4,169.1,553,110.5,0,1,-14.85,0.01,1.77,1.79,73.86
"Tööhõive",771,284353.5,0,1234.4,6107.1,77.6,26192.6,1854.4,29875.5,23.2,20.5,8497.9,1386.7,37.1,682.6,9.19,0.37,2.11,1.61,18.01
"Tööhõiveagentuuride tegevus",147,NA,NA,NA,NA,NA,NA,NA,NA,NA,NA,NA,NA,NA,NA,NA,NA,NA,NA,NA
"Ajutise tööjõu rent",619,224572.3,0,969.3,5394.4,50.1,21604,1134.9,25085,20.2,19.3,5918.6,261,16.6,547.4,9.6,0.37,1.97,1.67,21.49
"Muu inimressursiga varustamine",5,NA,NA,NA,NA,NA,NA,NA,NA,NA,NA,NA,NA,NA,NA,NA,NA,NA,NA,NA
"Reisibüroode ja reisikorraldajate tegevus, reserveerimine ning sellega seotud tegevus",447,108190.4,0,687.9,1060.3,3,-9328.5,643.1,-10643.1,46.2,13.7,2581.5,912.6,76.9,462.2,-8.41,0.13,1.72,1.75,-23.74
"Reisibüroode ja reisikorraldajate tegevus",285,80030.8,0,610.6,403.2,3,-7688.8,470.6,-9264.1,56.6,8.8,1641.4,162.9,7.8,405.9,-9.37,0.14,1.59,1.64,-21.04
"Muu reserveerimine ja sellega seotud tegevus",162,28159.6,0,77.3,657.1,0,-1639.7,172.5,-1379.1,30.4,21.1,940.1,749.7,69.1,56.3,-5.7,0.11,1.97,2.08,-29.54
"Turvatöö ja juurdlus",71,136603.3,0,2892.2,184.9,0,843.3,360.2,5131.7,15.9,17.7,8278.1,1402.6,0,188.3,0.62,0.22,3.33,1.35,7.59
"Turvatöö, v.a avalik korrakaitse",67,129828,0,2790.8,162.7,0,1610.5,313,5892,15.5,17.4,8181.2,1385,0,185.8,1.24,0.22,3.48,1.33,8.1
"Turvasüsteemide käitus",4,6775.3,0,101.3,22.2,0,-767.2,47.2,-760.3,39.5,35,96.9,17.6,0,2.5,-11.32,0.22,1.4,1.84,-1.51
"Juurdlus",0,0,0,0,0,0,0,0,0,0,0,0,0,0,0,0,0,0,0,0
"Hoonete ja maastike hooldus",1391,271495.2,51.9,6555.6,1170.9,146.1,20208.4,782.4,20905.8,19.6,13.3,16216.8,600.5,0.6,1189.1,7.43,0.32,2.16,1.6,13.26
"Hoonehalduse abitegevused",113,8108.4,52.1,55.7,104.9,0,694.6,31.3,1217.3,29.6,15.8,421.1,0,0,26.6,8.57,0.19,4.33,1.43,25.96
"Puhastustegevus",781,206433.5,0,3467.3,981.6,121.5,14966.7,541.4,15594.9,17.8,12.5,10489.1,600.5,0.6,703.9,7.23,0.37,2.02,1.75,15.83
"Maastiku hooldus ja korrashoid",497,56953.3,-0.2,3032.6,84.4,24.6,4547.2,209.7,4093.6,29,19.6,5306.6,0,0,458.6,7.98,0.22,2.43,1.39,6.22
"Büroohaldus, büroode ja muu äritegevuse abitegevused",1528,287343.5,-12.4,1512.8,2749.4,16.6,34942,2390.9,40011.3,40.8,29.5,13119.8,209.8,73.8,1637.6,12.14,0.14,2.51,1.65,17.83
"Büroohaldus ja selle abitegevused",135,29546.3,0,26.4,657.5,1.3,-1542.4,231.7,-1274,29.3,28.6,968.1,1.5,0,28,-5.16,0.1,3.87,1.44,2.44
"Kõnekeskuste tegevus",32,29803.6,0,20.7,43.8,0,464.3,51.8,460.9,16.4,19.3,298,6,0,0.3,1.55,0.42,2.25,1.63,6.24
"Nõupidamiste ja messide korraldamine",102,20668.1,0,183,210.7,0,-1274.8,109.4,-1373.3,48.4,18.5,920.6,3.5,0.1,6,-6.11,0.18,1.41,1.82,-5.74
"Mujal liigitamata äritegevust abistavad tegevused",1259,207325.6,-12.4,1282.7,1837.4,15.2,37294.9,1998,42197.7,54.6,36.4,10933.1,198.8,73.7,1603.2,17.97,0.13,2.55,1.68,23.32
"Haridus",1246,98621.5,-5.1,1654.3,590.2,2.3,12945.1,914.1,14126.6,24.6,20.2,5746.8,285.7,194.4,667.6,12.34,0.23,2.78,1.43,14.73
"Tervishoid ja sotsiaalhoolekanne",1575,636290.2,-29.6,2525.8,1988.1,68.1,92383.2,5596.9,84393.2,32.6,31.1,39528.1,2243,531.3,1370.3,14.59,0.31,2.22,1.68,18.48
"Kunst, meelelahutus ja vaba aeg",2665,362745.8,-43.7,1213.3,1294.4,58.6,35877.5,3496.5,-49798.8,49.7,26.4,23580.8,504.7,203.5,1267.9,9.93,0.14,1.63,1.59,-10.21
"Loome-, kunsti- ja meelelahutustegevus",1398,55706.1,0,470.3,651.9,6,6362.9,800.3,5841.5,29.4,14.3,4488.3,8.5,8.5,173.1,11.34,0.2,2.76,1.41,2.8
"Raamatukogude, arhiivide, muuseumide ja muude kultuuriasutuste tegevus",14,825.2,0,2.1,7.3,3.6,39.4,0,29.4,25.2,18.3,7,35.5,0,2.8,4.71,0.19,3.74,1.64,5.31
"Hasartmängude ja kihlvedude korraldamine; sporditegevus ja muu vaba aja tegevus",1253,306214.4,-43.7,740.9,635.1,49.1,29475.2,2696.3,-55669.8,57,31,19085.5,460.7,195,1092,9.68,0.13,1.46,1.62,-11.68
"Muud teenindavad tegevused",4472,203349.4,61.8,3195.3,559.6,31.8,13586,722.3,16509.4,17.3,11.9,10612.1,103.9,11.1,901.8,6.71,0.21,2.38,1.62,8.9
"Arvutite ning tarbeesemete ja kodutarvete parandus",391,27567.8,0,310.4,253.7,1.4,1033,59.9,1031,21.2,12.9,945.6,0,0,99.7,3.74,0.29,1.57,1.63,6.95
"Arvutite ja sideseadmete parandus",135,10781.5,0,76,28.1,0.1,488,21.2,244.8,27.2,12.7,611.8,0,0,99.2,4.51,0.25,0.98,2.12,7.56
"Tarbeesemete ja kodutarvete parandus",256,16786.4,0,234.4,225.6,1.3,545,38.7,786.3,18.5,12.9,333.9,0,0,0.6,3.25,0.33,2.71,1.36,6.45
"Muu teenindus",4081,175781.6,61.8,2885,305.9,30.4,12553.1,662.4,15478.3,16.9,11.8,9666.4,103.9,11.1,802,7.18,0.2,2.52,1.62,9.11
"Ärimajandus, v.a finants- ja kindlustustegevus",85085,63436214.4,3589.5,869917.3,222963.3,22194.8,3859859.3,274080.5,4073045.6,91.2,35.1,3341754.2,266283,46847.5,362636.3,6.1,0.19,1.81,1.74,5.57
"Info- ja sidetehnoloogia kokku",6515,4618078.9,-1.6,3750.4,21824.5,42.2,342683.3,31493.4,392682.3,91.7,56.1,172848.7,106628.4,14528.4,4818.2,7.4,0.28,1.98,1.65,22.96
"IKT tööstuslik tootmine",77,1048416,0,190.8,810.2,0,22383.4,2364.8,18936.4,124.3,35.8,19808,2140,87.4,2286.1,2.13,0.47,1.32,2.88,3.64
"IKT teenused",6438,3569662.9,-1.6,3559.6,21014.3,42.2,320299.9,29128.6,373745.9,85.2,60.2,153040.7,104488.4,14441,2532,8.95,0.25,2.22,1.55,26.23
"Kõrgtehnoloogiline tootmine",149,1258267.5,0,564,1102.1,0.8,35611.8,2519.1,31375.4,119,37.8,29170.7,3295.1,1006,2352.7,2.84,0.44,1.46,2.4,4.97
"Kesk-kõrgtehnoloogiline tootmine",650,2290929.4,-5.8,4580.9,2850.2,1007.8,137685.9,10507.9,124374.4,83.2,37.1,66719.6,6677.2,1556,7994.7,6.01,0.32,2.36,1.5,4.93
"Kesk-madaltehnoloogiline tootmine",2836,3372455.8,0,18768.4,17133,1905.6,131198.7,13850.4,90395.9,64.6,32.8,143903,18450.1,15223.5,24598.3,3.9,0.29,1.98,1.64,-2.28
"Madaltehnoloogiline tootmine",4346,6405142.4,1587.7,56224.6,7855.5,1322.7,347826.5,21860.7,306856,69.1,30.3,316471,14451.7,1194.8,23582,5.44,0.29,1.79,1.69,4.14
"Infosektor",1461,300784.9,0,810.5,1053.3,48.2,11068.8,1858.4,15628.9,43.5,27.8,12378.7,3021.6,493.6,3125.7,3.64,0.24,2,1.83,0.15
"Kõrgtehnoloogilised teenused",7122,3407532.8,-1.6,5245,21570.4,102.6,310067.3,29406.7,362851.5,67,53.2,169194.5,114563.3,14289.8,6323.8,9.05,0.22,2.08,1.6,24.83
"Teadmismahukad turuteenused",27501,5968977.4,276,88885.2,40989.8,9468.3,1147656.8,74787.4,1595146.9,54.7,40.3,1051714,31549.7,6358,103944.8,19.13,0.05,1.8,1.73,5.81
"Arvutialased teenused",5792,2113379.8,-1.6,1873.2,19175.4,40.3,202466,17945.7,256026.7,65.4,55.4,77446.8,76321.2,8540.1,2104.8,9.54,0.27,2.76,1.54,45.21
