"Aasta","Tegevusala (EMTAK 2008)","Näitaja","väärtus"
"2011","Tegevusalad kokku","Meestöötajate keskmine brutotunnipalk, eurot",5.7
"2011","Tegevusalad kokku","Naistöötajate keskmine brutotunnipalk, eurot",4.4
"2011","Tegevusalad kokku","Palgalõhe, %",22.9
"2011","Põllumajandus, metsamajandus ja kalapüük","Meestöötajate keskmine brutotunnipalk, eurot",4.2
"2011","Põllumajandus, metsamajandus ja kalapüük","Naistöötajate keskmine brutotunnipalk, eurot",3.6
"2011","Põllumajandus, metsamajandus ja kalapüük","Palgalõhe, %",14.7
"2011","Mäetööstus","Meestöötajate keskmine brutotunnipalk, eurot",6.7
"2011","Mäetööstus","Naistöötajate keskmine brutotunnipalk, eurot",4.6
"2011","Mäetööstus","Palgalõhe, %",32.3
"2011","Töötlev tööstus","Meestöötajate keskmine brutotunnipalk, eurot",5.5
"2011","Töötlev tööstus","Naistöötajate keskmine brutotunnipalk, eurot",3.9
"2011","Töötlev tööstus","Palgalõhe, %",29.8
"2011","Elektrienergia, gaasi, auru ja konditsioneeritud õhuga varustamine","Meestöötajate keskmine brutotunnipalk, eurot",6.9
"2011","Elektrienergia, gaasi, auru ja konditsioneeritud õhuga varustamine","Naistöötajate keskmine brutotunnipalk, eurot",5.6
"2011","Elektrienergia, gaasi, auru ja konditsioneeritud õhuga varustamine","Palgalõhe, %",18.3
"2011","Veevarustus; kanalisatsioon, jäätme- ja saastekäitlus","Meestöötajate keskmine brutotunnipalk, eurot",5.2
"2011","Veevarustus; kanalisatsioon, jäätme- ja saastekäitlus","Naistöötajate keskmine brutotunnipalk, eurot",4.6
"2011","Veevarustus; kanalisatsioon, jäätme- ja saastekäitlus","Palgalõhe, %",11.8
"2011","Ehitus","Meestöötajate keskmine brutotunnipalk, eurot",5.3
"2011","Ehitus","Naistöötajate keskmine brutotunnipalk, eurot",4.4
"2011","Ehitus","Palgalõhe, %",17.2
"2011","Hulgi- ja jaekaubandus; mootorsõidukite ja mootorrataste remont","Meestöötajate keskmine brutotunnipalk, eurot",6
"2011","Hulgi- ja jaekaubandus; mootorsõidukite ja mootorrataste remont","Naistöötajate keskmine brutotunnipalk, eurot",4.1
"2011","Hulgi- ja jaekaubandus; mootorsõidukite ja mootorrataste remont","Palgalõhe, %",31.8
"2011","Veondus ja laondus","Meestöötajate keskmine brutotunnipalk, eurot",4.7
"2011","Veondus ja laondus","Naistöötajate keskmine brutotunnipalk, eurot",4.4
"2011","Veondus ja laondus","Palgalõhe, %",5.6
"2011","Majutus ja toitlustus","Meestöötajate keskmine brutotunnipalk, eurot",3.8
"2011","Majutus ja toitlustus","Naistöötajate keskmine brutotunnipalk, eurot",3.1
"2011","Majutus ja toitlustus","Palgalõhe, %",18.8
"2011","Info ja side","Meestöötajate keskmine brutotunnipalk, eurot",9.3
"2011","Info ja side","Naistöötajate keskmine brutotunnipalk, eurot",6.7
"2011","Info ja side","Palgalõhe, %",27.5
"2011","Finants- ja kindlustustegevus","Meestöötajate keskmine brutotunnipalk, eurot",10.9
"2011","Finants- ja kindlustustegevus","Naistöötajate keskmine brutotunnipalk, eurot",6.8
"2011","Finants- ja kindlustustegevus","Palgalõhe, %",37.5
"2011","Kinnisvaraalane tegevus","Meestöötajate keskmine brutotunnipalk, eurot",4.1
"2011","Kinnisvaraalane tegevus","Naistöötajate keskmine brutotunnipalk, eurot",3.1
"2011","Kinnisvaraalane tegevus","Palgalõhe, %",22.9
"2011","Kutse-, teadus- ja tehnikaalane tegevus","Meestöötajate keskmine brutotunnipalk, eurot",7
"2011","Kutse-, teadus- ja tehnikaalane tegevus","Naistöötajate keskmine brutotunnipalk, eurot",5.7
"2011","Kutse-, teadus- ja tehnikaalane tegevus","Palgalõhe, %",18.3
"2011","Haldus- ja abitegevused","Meestöötajate keskmine brutotunnipalk, eurot",4.8
"2011","Haldus- ja abitegevused","Naistöötajate keskmine brutotunnipalk, eurot",4.4
"2011","Haldus- ja abitegevused","Palgalõhe, %",9
"2011","Avalik haldus ja riigikaitse; kohustuslik sotsiaalkindlustus","Meestöötajate keskmine brutotunnipalk, eurot",6.2
"2011","Avalik haldus ja riigikaitse; kohustuslik sotsiaalkindlustus","Naistöötajate keskmine brutotunnipalk, eurot",5.5
"2011","Avalik haldus ja riigikaitse; kohustuslik sotsiaalkindlustus","Palgalõhe, %",10.2
"2011","Haridus","Meestöötajate keskmine brutotunnipalk, eurot",5.6
"2011","Haridus","Naistöötajate keskmine brutotunnipalk, eurot",4.2
"2011","Haridus","Palgalõhe, %",24.7
"2011","Tervishoid ja sotsiaalhoolekanne","Meestöötajate keskmine brutotunnipalk, eurot",6.6
"2011","Tervishoid ja sotsiaalhoolekanne","Naistöötajate keskmine brutotunnipalk, eurot",4.7
"2011","Tervishoid ja sotsiaalhoolekanne","Palgalõhe, %",28.1
"2011","Kunst, meelelahutus ja vaba aeg","Meestöötajate keskmine brutotunnipalk, eurot",4.8
"2011","Kunst, meelelahutus ja vaba aeg","Naistöötajate keskmine brutotunnipalk, eurot",3.7
"2011","Kunst, meelelahutus ja vaba aeg","Palgalõhe, %",24
"2011","Muud teenindavad tegevused","Meestöötajate keskmine brutotunnipalk, eurot",3.5
"2011","Muud teenindavad tegevused","Naistöötajate keskmine brutotunnipalk, eurot",2.7
"2011","Muud teenindavad tegevused","Palgalõhe, %",23.4
"2012","Tegevusalad kokku","Meestöötajate keskmine brutotunnipalk, eurot",5.7
"2012","Tegevusalad kokku","Naistöötajate keskmine brutotunnipalk, eurot",4.3
"2012","Tegevusalad kokku","Palgalõhe, %",24.6
"2012","Põllumajandus, metsamajandus ja kalapüük","Meestöötajate keskmine brutotunnipalk, eurot",4.2
"2012","Põllumajandus, metsamajandus ja kalapüük","Naistöötajate keskmine brutotunnipalk, eurot",3.9
"2012","Põllumajandus, metsamajandus ja kalapüük","Palgalõhe, %",7
"2012","Mäetööstus","Meestöötajate keskmine brutotunnipalk, eurot",6.7
"2012","Mäetööstus","Naistöötajate keskmine brutotunnipalk, eurot",4.4
"2012","Mäetööstus","Palgalõhe, %",33.9
"2012","Töötlev tööstus","Meestöötajate keskmine brutotunnipalk, eurot",5.8
"2012","Töötlev tööstus","Naistöötajate keskmine brutotunnipalk, eurot",4
"2012","Töötlev tööstus","Palgalõhe, %",31
"2012","Elektrienergia, gaasi, auru ja konditsioneeritud õhuga varustamine","Meestöötajate keskmine brutotunnipalk, eurot",6.9
"2012","Elektrienergia, gaasi, auru ja konditsioneeritud õhuga varustamine","Naistöötajate keskmine brutotunnipalk, eurot",5.6
"2012","Elektrienergia, gaasi, auru ja konditsioneeritud õhuga varustamine","Palgalõhe, %",18.4
"2012","Veevarustus; kanalisatsioon, jäätme- ja saastekäitlus","Meestöötajate keskmine brutotunnipalk, eurot",5
"2012","Veevarustus; kanalisatsioon, jäätme- ja saastekäitlus","Naistöötajate keskmine brutotunnipalk, eurot",4.6
"2012","Veevarustus; kanalisatsioon, jäätme- ja saastekäitlus","Palgalõhe, %",8.2
"2012","Ehitus","Meestöötajate keskmine brutotunnipalk, eurot",5.6
"2012","Ehitus","Naistöötajate keskmine brutotunnipalk, eurot",4.4
"2012","Ehitus","Palgalõhe, %",22
"2012","Hulgi- ja jaekaubandus; mootorsõidukite ja mootorrataste remont","Meestöötajate keskmine brutotunnipalk, eurot",5.9
"2012","Hulgi- ja jaekaubandus; mootorsõidukite ja mootorrataste remont","Naistöötajate keskmine brutotunnipalk, eurot",3.9
"2012","Hulgi- ja jaekaubandus; mootorsõidukite ja mootorrataste remont","Palgalõhe, %",33.8
"2012","Veondus ja laondus","Meestöötajate keskmine brutotunnipalk, eurot",4.5
"2012","Veondus ja laondus","Naistöötajate keskmine brutotunnipalk, eurot",4.4
"2012","Veondus ja laondus","Palgalõhe, %",2.4
"2012","Majutus ja toitlustus","Meestöötajate keskmine brutotunnipalk, eurot",3.9
"2012","Majutus ja toitlustus","Naistöötajate keskmine brutotunnipalk, eurot",3.2
"2012","Majutus ja toitlustus","Palgalõhe, %",18.3
"2012","Info ja side","Meestöötajate keskmine brutotunnipalk, eurot",8.8
"2012","Info ja side","Naistöötajate keskmine brutotunnipalk, eurot",6.2
"2012","Info ja side","Palgalõhe, %",29.8
"2012","Finants- ja kindlustustegevus","Meestöötajate keskmine brutotunnipalk, eurot",11.5
"2012","Finants- ja kindlustustegevus","Naistöötajate keskmine brutotunnipalk, eurot",6.5
"2012","Finants- ja kindlustustegevus","Palgalõhe, %",43.3
"2012","Kinnisvaraalane tegevus","Meestöötajate keskmine brutotunnipalk, eurot",3.8
"2012","Kinnisvaraalane tegevus","Naistöötajate keskmine brutotunnipalk, eurot",3.2
"2012","Kinnisvaraalane tegevus","Palgalõhe, %",15.7
"2012","Kutse-, teadus- ja tehnikaalane tegevus","Meestöötajate keskmine brutotunnipalk, eurot",6.9
"2012","Kutse-, teadus- ja tehnikaalane tegevus","Naistöötajate keskmine brutotunnipalk, eurot",5.7
"2012","Kutse-, teadus- ja tehnikaalane tegevus","Palgalõhe, %",17.5
"2012","Haldus- ja abitegevused","Meestöötajate keskmine brutotunnipalk, eurot",4.8
"2012","Haldus- ja abitegevused","Naistöötajate keskmine brutotunnipalk, eurot",4
"2012","Haldus- ja abitegevused","Palgalõhe, %",16.7
"2012","Avalik haldus ja riigikaitse; kohustuslik sotsiaalkindlustus","Meestöötajate keskmine brutotunnipalk, eurot",5.8
"2012","Avalik haldus ja riigikaitse; kohustuslik sotsiaalkindlustus","Naistöötajate keskmine brutotunnipalk, eurot",5.3
"2012","Avalik haldus ja riigikaitse; kohustuslik sotsiaalkindlustus","Palgalõhe, %",9.8
"2012","Haridus","Meestöötajate keskmine brutotunnipalk, eurot",5.2
"2012","Haridus","Naistöötajate keskmine brutotunnipalk, eurot",3.9
"2012","Haridus","Palgalõhe, %",25.4
"2012","Tervishoid ja sotsiaalhoolekanne","Meestöötajate keskmine brutotunnipalk, eurot",6.4
"2012","Tervishoid ja sotsiaalhoolekanne","Naistöötajate keskmine brutotunnipalk, eurot",4.6
"2012","Tervishoid ja sotsiaalhoolekanne","Palgalõhe, %",27.3
"2012","Kunst, meelelahutus ja vaba aeg","Meestöötajate keskmine brutotunnipalk, eurot",5.2
"2012","Kunst, meelelahutus ja vaba aeg","Naistöötajate keskmine brutotunnipalk, eurot",3.7
"2012","Kunst, meelelahutus ja vaba aeg","Palgalõhe, %",28.1
"2012","Muud teenindavad tegevused","Meestöötajate keskmine brutotunnipalk, eurot",3.4
"2012","Muud teenindavad tegevused","Naistöötajate keskmine brutotunnipalk, eurot",2.9
"2012","Muud teenindavad tegevused","Palgalõhe, %",12.5
"2013","Tegevusalad kokku","Meestöötajate keskmine brutotunnipalk, eurot",6.1
"2013","Tegevusalad kokku","Naistöötajate keskmine brutotunnipalk, eurot",4.6
"2013","Tegevusalad kokku","Palgalõhe, %",24.8
"2013","Põllumajandus, metsamajandus ja kalapüük","Meestöötajate keskmine brutotunnipalk, eurot",4.9
"2013","Põllumajandus, metsamajandus ja kalapüük","Naistöötajate keskmine brutotunnipalk, eurot",4.3
"2013","Põllumajandus, metsamajandus ja kalapüük","Palgalõhe, %",12.7
"2013","Mäetööstus","Meestöötajate keskmine brutotunnipalk, eurot",7.2
"2013","Mäetööstus","Naistöötajate keskmine brutotunnipalk, eurot",4.8
"2013","Mäetööstus","Palgalõhe, %",33.7
"2013","Töötlev tööstus","Meestöötajate keskmine brutotunnipalk, eurot",6.2
"2013","Töötlev tööstus","Naistöötajate keskmine brutotunnipalk, eurot",4.3
"2013","Töötlev tööstus","Palgalõhe, %",31.5
"2013","Elektrienergia, gaasi, auru ja konditsioneeritud õhuga varustamine","Meestöötajate keskmine brutotunnipalk, eurot",7.3
"2013","Elektrienergia, gaasi, auru ja konditsioneeritud õhuga varustamine","Naistöötajate keskmine brutotunnipalk, eurot",6
"2013","Elektrienergia, gaasi, auru ja konditsioneeritud õhuga varustamine","Palgalõhe, %",18.1
"2013","Veevarustus; kanalisatsioon, jäätme- ja saastekäitlus","Meestöötajate keskmine brutotunnipalk, eurot",5.5
"2013","Veevarustus; kanalisatsioon, jäätme- ja saastekäitlus","Naistöötajate keskmine brutotunnipalk, eurot",4.8
"2013","Veevarustus; kanalisatsioon, jäätme- ja saastekäitlus","Palgalõhe, %",13.6
"2013","Ehitus","Meestöötajate keskmine brutotunnipalk, eurot",5.6
"2013","Ehitus","Naistöötajate keskmine brutotunnipalk, eurot",4.4
"2013","Ehitus","Palgalõhe, %",21.3
"2013","Hulgi- ja jaekaubandus; mootorsõidukite ja mootorrataste remont","Meestöötajate keskmine brutotunnipalk, eurot",6.1
"2013","Hulgi- ja jaekaubandus; mootorsõidukite ja mootorrataste remont","Naistöötajate keskmine brutotunnipalk, eurot",4.1
"2013","Hulgi- ja jaekaubandus; mootorsõidukite ja mootorrataste remont","Palgalõhe, %",33
"2013","Veondus ja laondus","Meestöötajate keskmine brutotunnipalk, eurot",5
"2013","Veondus ja laondus","Naistöötajate keskmine brutotunnipalk, eurot",5
"2013","Veondus ja laondus","Palgalõhe, %",-0.2
"2013","Majutus ja toitlustus","Meestöötajate keskmine brutotunnipalk, eurot",4.1
"2013","Majutus ja toitlustus","Naistöötajate keskmine brutotunnipalk, eurot",3.3
"2013","Majutus ja toitlustus","Palgalõhe, %",19.3
"2013","Info ja side","Meestöötajate keskmine brutotunnipalk, eurot",9.7
"2013","Info ja side","Naistöötajate keskmine brutotunnipalk, eurot",6.8
"2013","Info ja side","Palgalõhe, %",30.1
"2013","Finants- ja kindlustustegevus","Meestöötajate keskmine brutotunnipalk, eurot",11.8
"2013","Finants- ja kindlustustegevus","Naistöötajate keskmine brutotunnipalk, eurot",6.9
"2013","Finants- ja kindlustustegevus","Palgalõhe, %",41.8
"2013","Kinnisvaraalane tegevus","Meestöötajate keskmine brutotunnipalk, eurot",4.1
"2013","Kinnisvaraalane tegevus","Naistöötajate keskmine brutotunnipalk, eurot",3.7
"2013","Kinnisvaraalane tegevus","Palgalõhe, %",10.5
"2013","Kutse-, teadus- ja tehnikaalane tegevus","Meestöötajate keskmine brutotunnipalk, eurot",7.5
"2013","Kutse-, teadus- ja tehnikaalane tegevus","Naistöötajate keskmine brutotunnipalk, eurot",5.9
"2013","Kutse-, teadus- ja tehnikaalane tegevus","Palgalõhe, %",21.4
"2013","Haldus- ja abitegevused","Meestöötajate keskmine brutotunnipalk, eurot",5.3
"2013","Haldus- ja abitegevused","Naistöötajate keskmine brutotunnipalk, eurot",4.3
"2013","Haldus- ja abitegevused","Palgalõhe, %",18.4
"2013","Avalik haldus ja riigikaitse; kohustuslik sotsiaalkindlustus","Meestöötajate keskmine brutotunnipalk, eurot",6.4
"2013","Avalik haldus ja riigikaitse; kohustuslik sotsiaalkindlustus","Naistöötajate keskmine brutotunnipalk, eurot",5.7
"2013","Avalik haldus ja riigikaitse; kohustuslik sotsiaalkindlustus","Palgalõhe, %",12.1
"2013","Haridus","Meestöötajate keskmine brutotunnipalk, eurot",5.8
"2013","Haridus","Naistöötajate keskmine brutotunnipalk, eurot",4.2
"2013","Haridus","Palgalõhe, %",26.4
"2013","Tervishoid ja sotsiaalhoolekanne","Meestöötajate keskmine brutotunnipalk, eurot",6.5
"2013","Tervishoid ja sotsiaalhoolekanne","Naistöötajate keskmine brutotunnipalk, eurot",5.1
"2013","Tervishoid ja sotsiaalhoolekanne","Palgalõhe, %",22
"2013","Kunst, meelelahutus ja vaba aeg","Meestöötajate keskmine brutotunnipalk, eurot",4.6
"2013","Kunst, meelelahutus ja vaba aeg","Naistöötajate keskmine brutotunnipalk, eurot",3.7
"2013","Kunst, meelelahutus ja vaba aeg","Palgalõhe, %",20.3
"2013","Muud teenindavad tegevused","Meestöötajate keskmine brutotunnipalk, eurot",4.1
"2013","Muud teenindavad tegevused","Naistöötajate keskmine brutotunnipalk, eurot",2.9
"2013","Muud teenindavad tegevused","Palgalõhe, %",27.4
"2014","Tegevusalad kokku","Meestöötajate keskmine brutotunnipalk, eurot",6.4
"2014","Tegevusalad kokku","Naistöötajate keskmine brutotunnipalk, eurot",4.9
"2014","Tegevusalad kokku","Palgalõhe, %",23.5
"2014","Põllumajandus, metsamajandus ja kalapüük","Meestöötajate keskmine brutotunnipalk, eurot",5.2
"2014","Põllumajandus, metsamajandus ja kalapüük","Naistöötajate keskmine brutotunnipalk, eurot",4.5
"2014","Põllumajandus, metsamajandus ja kalapüük","Palgalõhe, %",14.5
"2014","Mäetööstus","Meestöötajate keskmine brutotunnipalk, eurot",7.4
"2014","Mäetööstus","Naistöötajate keskmine brutotunnipalk, eurot",5.5
"2014","Mäetööstus","Palgalõhe, %",26
"2014","Töötlev tööstus","Meestöötajate keskmine brutotunnipalk, eurot",6.4
"2014","Töötlev tööstus","Naistöötajate keskmine brutotunnipalk, eurot",4.5
"2014","Töötlev tööstus","Palgalõhe, %",29.1
"2014","Elektrienergia, gaasi, auru ja konditsioneeritud õhuga varustamine","Meestöötajate keskmine brutotunnipalk, eurot",7.6
"2014","Elektrienergia, gaasi, auru ja konditsioneeritud õhuga varustamine","Naistöötajate keskmine brutotunnipalk, eurot",6.3
"2014","Elektrienergia, gaasi, auru ja konditsioneeritud õhuga varustamine","Palgalõhe, %",16.6
"2014","Veevarustus; kanalisatsioon, jäätme- ja saastekäitlus","Meestöötajate keskmine brutotunnipalk, eurot",5.6
"2014","Veevarustus; kanalisatsioon, jäätme- ja saastekäitlus","Naistöötajate keskmine brutotunnipalk, eurot",5.1
"2014","Veevarustus; kanalisatsioon, jäätme- ja saastekäitlus","Palgalõhe, %",9
"2014","Ehitus","Meestöötajate keskmine brutotunnipalk, eurot",5.9
"2014","Ehitus","Naistöötajate keskmine brutotunnipalk, eurot",5
"2014","Ehitus","Palgalõhe, %",15.3
"2014","Hulgi- ja jaekaubandus; mootorsõidukite ja mootorrataste remont","Meestöötajate keskmine brutotunnipalk, eurot",6.4
"2014","Hulgi- ja jaekaubandus; mootorsõidukite ja mootorrataste remont","Naistöötajate keskmine brutotunnipalk, eurot",4.3
"2014","Hulgi- ja jaekaubandus; mootorsõidukite ja mootorrataste remont","Palgalõhe, %",32.4
"2014","Veondus ja laondus","Meestöötajate keskmine brutotunnipalk, eurot",5.7
"2014","Veondus ja laondus","Naistöötajate keskmine brutotunnipalk, eurot",5.1
"2014","Veondus ja laondus","Palgalõhe, %",10.3
"2014","Majutus ja toitlustus","Meestöötajate keskmine brutotunnipalk, eurot",4.7
"2014","Majutus ja toitlustus","Naistöötajate keskmine brutotunnipalk, eurot",3.7
"2014","Majutus ja toitlustus","Palgalõhe, %",20.9
"2014","Info ja side","Meestöötajate keskmine brutotunnipalk, eurot",9.4
"2014","Info ja side","Naistöötajate keskmine brutotunnipalk, eurot",7
"2014","Info ja side","Palgalõhe, %",25.4
"2014","Finants- ja kindlustustegevus","Meestöötajate keskmine brutotunnipalk, eurot",13
"2014","Finants- ja kindlustustegevus","Naistöötajate keskmine brutotunnipalk, eurot",7.9
"2014","Finants- ja kindlustustegevus","Palgalõhe, %",39.5
"2014","Kinnisvaraalane tegevus","Meestöötajate keskmine brutotunnipalk, eurot",5
"2014","Kinnisvaraalane tegevus","Naistöötajate keskmine brutotunnipalk, eurot",3.6
"2014","Kinnisvaraalane tegevus","Palgalõhe, %",27.3
"2014","Kutse-, teadus- ja tehnikaalane tegevus","Meestöötajate keskmine brutotunnipalk, eurot",7.2
"2014","Kutse-, teadus- ja tehnikaalane tegevus","Naistöötajate keskmine brutotunnipalk, eurot",6.2
"2014","Kutse-, teadus- ja tehnikaalane tegevus","Palgalõhe, %",14.9
"2014","Haldus- ja abitegevused","Meestöötajate keskmine brutotunnipalk, eurot",6
"2014","Haldus- ja abitegevused","Naistöötajate keskmine brutotunnipalk, eurot",4.8
"2014","Haldus- ja abitegevused","Palgalõhe, %",20.4
"2014","Avalik haldus ja riigikaitse; kohustuslik sotsiaalkindlustus","Meestöötajate keskmine brutotunnipalk, eurot",7.1
"2014","Avalik haldus ja riigikaitse; kohustuslik sotsiaalkindlustus","Naistöötajate keskmine brutotunnipalk, eurot",6.5
"2014","Avalik haldus ja riigikaitse; kohustuslik sotsiaalkindlustus","Palgalõhe, %",9.1
"2014","Haridus","Meestöötajate keskmine brutotunnipalk, eurot",6.3
"2014","Haridus","Naistöötajate keskmine brutotunnipalk, eurot",4.7
"2014","Haridus","Palgalõhe, %",25.3
"2014","Tervishoid ja sotsiaalhoolekanne","Meestöötajate keskmine brutotunnipalk, eurot",7.5
"2014","Tervishoid ja sotsiaalhoolekanne","Naistöötajate keskmine brutotunnipalk, eurot",5.2
"2014","Tervishoid ja sotsiaalhoolekanne","Palgalõhe, %",29.7
"2014","Kunst, meelelahutus ja vaba aeg","Meestöötajate keskmine brutotunnipalk, eurot",5
"2014","Kunst, meelelahutus ja vaba aeg","Naistöötajate keskmine brutotunnipalk, eurot",4
"2014","Kunst, meelelahutus ja vaba aeg","Palgalõhe, %",21.2
"2014","Muud teenindavad tegevused","Meestöötajate keskmine brutotunnipalk, eurot",5.3
"2014","Muud teenindavad tegevused","Naistöötajate keskmine brutotunnipalk, eurot",4.2
"2014","Muud teenindavad tegevused","Palgalõhe, %",21
"2015","Tegevusalad kokku","Meestöötajate keskmine brutotunnipalk, eurot",7
"2015","Tegevusalad kokku","Naistöötajate keskmine brutotunnipalk, eurot",5.4
"2015","Tegevusalad kokku","Palgalõhe, %",22.2
"2015","Põllumajandus, metsamajandus ja kalapüük","Meestöötajate keskmine brutotunnipalk, eurot",6.3
"2015","Põllumajandus, metsamajandus ja kalapüük","Naistöötajate keskmine brutotunnipalk, eurot",5
"2015","Põllumajandus, metsamajandus ja kalapüük","Palgalõhe, %",20.1
"2015","Mäetööstus","Meestöötajate keskmine brutotunnipalk, eurot",8.2
"2015","Mäetööstus","Naistöötajate keskmine brutotunnipalk, eurot",5.5
"2015","Mäetööstus","Palgalõhe, %",32.3
"2015","Töötlev tööstus","Meestöötajate keskmine brutotunnipalk, eurot",6.9
"2015","Töötlev tööstus","Naistöötajate keskmine brutotunnipalk, eurot",4.9
"2015","Töötlev tööstus","Palgalõhe, %",29.7
"2015","Elektrienergia, gaasi, auru ja konditsioneeritud õhuga varustamine","Meestöötajate keskmine brutotunnipalk, eurot",8.5
"2015","Elektrienergia, gaasi, auru ja konditsioneeritud õhuga varustamine","Naistöötajate keskmine brutotunnipalk, eurot",7
"2015","Elektrienergia, gaasi, auru ja konditsioneeritud õhuga varustamine","Palgalõhe, %",16.8
"2015","Veevarustus; kanalisatsioon, jäätme- ja saastekäitlus","Meestöötajate keskmine brutotunnipalk, eurot",6.3
"2015","Veevarustus; kanalisatsioon, jäätme- ja saastekäitlus","Naistöötajate keskmine brutotunnipalk, eurot",5.6
"2015","Veevarustus; kanalisatsioon, jäätme- ja saastekäitlus","Palgalõhe, %",11.2
"2015","Ehitus","Meestöötajate keskmine brutotunnipalk, eurot",6.4
"2015","Ehitus","Naistöötajate keskmine brutotunnipalk, eurot",5
"2015","Ehitus","Palgalõhe, %",21.7
"2015","Hulgi- ja jaekaubandus; mootorsõidukite ja mootorrataste remont","Meestöötajate keskmine brutotunnipalk, eurot",7.1
"2015","Hulgi- ja jaekaubandus; mootorsõidukite ja mootorrataste remont","Naistöötajate keskmine brutotunnipalk, eurot",4.8
"2015","Hulgi- ja jaekaubandus; mootorsõidukite ja mootorrataste remont","Palgalõhe, %",32.6
"2015","Veondus ja laondus","Meestöötajate keskmine brutotunnipalk, eurot",5.9
"2015","Veondus ja laondus","Naistöötajate keskmine brutotunnipalk, eurot",5.8
"2015","Veondus ja laondus","Palgalõhe, %",1.5
"2015","Majutus ja toitlustus","Meestöötajate keskmine brutotunnipalk, eurot",4.8
"2015","Majutus ja toitlustus","Naistöötajate keskmine brutotunnipalk, eurot",4.1
"2015","Majutus ja toitlustus","Palgalõhe, %",14.8
"2015","Info ja side","Meestöötajate keskmine brutotunnipalk, eurot",10.8
"2015","Info ja side","Naistöötajate keskmine brutotunnipalk, eurot",8.3
"2015","Info ja side","Palgalõhe, %",23.3
"2015","Finants- ja kindlustustegevus","Meestöötajate keskmine brutotunnipalk, eurot",12.9
"2015","Finants- ja kindlustustegevus","Naistöötajate keskmine brutotunnipalk, eurot",8.6
"2015","Finants- ja kindlustustegevus","Palgalõhe, %",33.6
"2015","Kinnisvaraalane tegevus","Meestöötajate keskmine brutotunnipalk, eurot",5.1
"2015","Kinnisvaraalane tegevus","Naistöötajate keskmine brutotunnipalk, eurot",4.5
"2015","Kinnisvaraalane tegevus","Palgalõhe, %",10.8
"2015","Kutse-, teadus- ja tehnikaalane tegevus","Meestöötajate keskmine brutotunnipalk, eurot",8.6
"2015","Kutse-, teadus- ja tehnikaalane tegevus","Naistöötajate keskmine brutotunnipalk, eurot",6.5
"2015","Kutse-, teadus- ja tehnikaalane tegevus","Palgalõhe, %",24.7
"2015","Haldus- ja abitegevused","Meestöötajate keskmine brutotunnipalk, eurot",5.5
"2015","Haldus- ja abitegevused","Naistöötajate keskmine brutotunnipalk, eurot",5.1
"2015","Haldus- ja abitegevused","Palgalõhe, %",8.3
"2015","Avalik haldus ja riigikaitse; kohustuslik sotsiaalkindlustus","Meestöötajate keskmine brutotunnipalk, eurot",7.3
"2015","Avalik haldus ja riigikaitse; kohustuslik sotsiaalkindlustus","Naistöötajate keskmine brutotunnipalk, eurot",6.8
"2015","Avalik haldus ja riigikaitse; kohustuslik sotsiaalkindlustus","Palgalõhe, %",6.2
"2015","Haridus","Meestöötajate keskmine brutotunnipalk, eurot",6.6
"2015","Haridus","Naistöötajate keskmine brutotunnipalk, eurot",5.3
"2015","Haridus","Palgalõhe, %",20.7
"2015","Tervishoid ja sotsiaalhoolekanne","Meestöötajate keskmine brutotunnipalk, eurot",8
"2015","Tervishoid ja sotsiaalhoolekanne","Naistöötajate keskmine brutotunnipalk, eurot",5.8
"2015","Tervishoid ja sotsiaalhoolekanne","Palgalõhe, %",27.6
"2015","Kunst, meelelahutus ja vaba aeg","Meestöötajate keskmine brutotunnipalk, eurot",6
"2015","Kunst, meelelahutus ja vaba aeg","Naistöötajate keskmine brutotunnipalk, eurot",4.4
"2015","Kunst, meelelahutus ja vaba aeg","Palgalõhe, %",27.1
"2015","Muud teenindavad tegevused","Meestöötajate keskmine brutotunnipalk, eurot",3.8
"2015","Muud teenindavad tegevused","Naistöötajate keskmine brutotunnipalk, eurot",3.2
"2015","Muud teenindavad tegevused","Palgalõhe, %",14.1
"2016","Tegevusalad kokku","Meestöötajate keskmine brutotunnipalk, eurot",7.6
"2016","Tegevusalad kokku","Naistöötajate keskmine brutotunnipalk, eurot",6
"2016","Tegevusalad kokku","Palgalõhe, %",20.9
"2016","Põllumajandus, metsamajandus ja kalapüük","Meestöötajate keskmine brutotunnipalk, eurot",6.8
"2016","Põllumajandus, metsamajandus ja kalapüük","Naistöötajate keskmine brutotunnipalk, eurot",5.5
"2016","Põllumajandus, metsamajandus ja kalapüük","Palgalõhe, %",19.2
"2016","Mäetööstus","Meestöötajate keskmine brutotunnipalk, eurot",8.7
"2016","Mäetööstus","Naistöötajate keskmine brutotunnipalk, eurot",5.5
"2016","Mäetööstus","Palgalõhe, %",36.4
"2016","Töötlev tööstus","Meestöötajate keskmine brutotunnipalk, eurot",7.6
"2016","Töötlev tööstus","Naistöötajate keskmine brutotunnipalk, eurot",5.3
"2016","Töötlev tööstus","Palgalõhe, %",29.5
"2016","Elektrienergia, gaasi, auru ja konditsioneeritud õhuga varustamine","Meestöötajate keskmine brutotunnipalk, eurot",9.2
"2016","Elektrienergia, gaasi, auru ja konditsioneeritud õhuga varustamine","Naistöötajate keskmine brutotunnipalk, eurot",7.9
"2016","Elektrienergia, gaasi, auru ja konditsioneeritud õhuga varustamine","Palgalõhe, %",13.8
"2016","Veevarustus; kanalisatsioon, jäätme- ja saastekäitlus","Meestöötajate keskmine brutotunnipalk, eurot",6.9
"2016","Veevarustus; kanalisatsioon, jäätme- ja saastekäitlus","Naistöötajate keskmine brutotunnipalk, eurot",6.2
"2016","Veevarustus; kanalisatsioon, jäätme- ja saastekäitlus","Palgalõhe, %",8.9
"2016","Ehitus","Meestöötajate keskmine brutotunnipalk, eurot",6.7
"2016","Ehitus","Naistöötajate keskmine brutotunnipalk, eurot",5.7
"2016","Ehitus","Palgalõhe, %",15.3
"2016","Hulgi- ja jaekaubandus; mootorsõidukite ja mootorrataste remont","Meestöötajate keskmine brutotunnipalk, eurot",7.4
"2016","Hulgi- ja jaekaubandus; mootorsõidukite ja mootorrataste remont","Naistöötajate keskmine brutotunnipalk, eurot",5.3
"2016","Hulgi- ja jaekaubandus; mootorsõidukite ja mootorrataste remont","Palgalõhe, %",29
"2016","Veondus ja laondus","Meestöötajate keskmine brutotunnipalk, eurot",6.6
"2016","Veondus ja laondus","Naistöötajate keskmine brutotunnipalk, eurot",6.6
"2016","Veondus ja laondus","Palgalõhe, %",0
"2016","Majutus ja toitlustus","Meestöötajate keskmine brutotunnipalk, eurot",5.8
"2016","Majutus ja toitlustus","Naistöötajate keskmine brutotunnipalk, eurot",4.6
"2016","Majutus ja toitlustus","Palgalõhe, %",19.7
"2016","Info ja side","Meestöötajate keskmine brutotunnipalk, eurot",12.2
"2016","Info ja side","Naistöötajate keskmine brutotunnipalk, eurot",9.2
"2016","Info ja side","Palgalõhe, %",24.7
"2016","Finants- ja kindlustustegevus","Meestöötajate keskmine brutotunnipalk, eurot",14
"2016","Finants- ja kindlustustegevus","Naistöötajate keskmine brutotunnipalk, eurot",9.4
"2016","Finants- ja kindlustustegevus","Palgalõhe, %",33
"2016","Kinnisvaraalane tegevus","Meestöötajate keskmine brutotunnipalk, eurot",5.8
"2016","Kinnisvaraalane tegevus","Naistöötajate keskmine brutotunnipalk, eurot",5.1
"2016","Kinnisvaraalane tegevus","Palgalõhe, %",11.9
"2016","Kutse-, teadus- ja tehnikaalane tegevus","Meestöötajate keskmine brutotunnipalk, eurot",8.8
"2016","Kutse-, teadus- ja tehnikaalane tegevus","Naistöötajate keskmine brutotunnipalk, eurot",7.2
"2016","Kutse-, teadus- ja tehnikaalane tegevus","Palgalõhe, %",18.5
"2016","Haldus- ja abitegevused","Meestöötajate keskmine brutotunnipalk, eurot",6.9
"2016","Haldus- ja abitegevused","Naistöötajate keskmine brutotunnipalk, eurot",5.7
"2016","Haldus- ja abitegevused","Palgalõhe, %",16.3
"2016","Avalik haldus ja riigikaitse; kohustuslik sotsiaalkindlustus","Meestöötajate keskmine brutotunnipalk, eurot",8.2
"2016","Avalik haldus ja riigikaitse; kohustuslik sotsiaalkindlustus","Naistöötajate keskmine brutotunnipalk, eurot",7.6
"2016","Avalik haldus ja riigikaitse; kohustuslik sotsiaalkindlustus","Palgalõhe, %",8
"2016","Haridus","Meestöötajate keskmine brutotunnipalk, eurot",7.3
"2016","Haridus","Naistöötajate keskmine brutotunnipalk, eurot",6
"2016","Haridus","Palgalõhe, %",18.8
"2016","Tervishoid ja sotsiaalhoolekanne","Meestöötajate keskmine brutotunnipalk, eurot",8.8
"2016","Tervishoid ja sotsiaalhoolekanne","Naistöötajate keskmine brutotunnipalk, eurot",6.5
"2016","Tervishoid ja sotsiaalhoolekanne","Palgalõhe, %",26
"2016","Kunst, meelelahutus ja vaba aeg","Meestöötajate keskmine brutotunnipalk, eurot",6.4
"2016","Kunst, meelelahutus ja vaba aeg","Naistöötajate keskmine brutotunnipalk, eurot",4.8
"2016","Kunst, meelelahutus ja vaba aeg","Palgalõhe, %",24.5
"2016","Muud teenindavad tegevused","Meestöötajate keskmine brutotunnipalk, eurot",4.1
"2016","Muud teenindavad tegevused","Naistöötajate keskmine brutotunnipalk, eurot",3.8
"2016","Muud teenindavad tegevused","Palgalõhe, %",7.8
"2017","Tegevusalad kokku","Meestöötajate keskmine brutotunnipalk, eurot",7.9
"2017","Tegevusalad kokku","Naistöötajate keskmine brutotunnipalk, eurot",6.3
"2017","Tegevusalad kokku","Palgalõhe, %",20.9
"2017","Põllumajandus, metsamajandus ja kalapüük","Meestöötajate keskmine brutotunnipalk, eurot",6.7
"2017","Põllumajandus, metsamajandus ja kalapüük","Naistöötajate keskmine brutotunnipalk, eurot",5.8
"2017","Põllumajandus, metsamajandus ja kalapüük","Palgalõhe, %",13.2
"2017","Mäetööstus","Meestöötajate keskmine brutotunnipalk, eurot",9.2
"2017","Mäetööstus","Naistöötajate keskmine brutotunnipalk, eurot",6.3
"2017","Mäetööstus","Palgalõhe, %",31.1
"2017","Töötlev tööstus","Meestöötajate keskmine brutotunnipalk, eurot",7.9
"2017","Töötlev tööstus","Naistöötajate keskmine brutotunnipalk, eurot",5.7
"2017","Töötlev tööstus","Palgalõhe, %",28
"2017","Elektrienergia, gaasi, auru ja konditsioneeritud õhuga varustamine","Meestöötajate keskmine brutotunnipalk, eurot",9.6
"2017","Elektrienergia, gaasi, auru ja konditsioneeritud õhuga varustamine","Naistöötajate keskmine brutotunnipalk, eurot",8.2
"2017","Elektrienergia, gaasi, auru ja konditsioneeritud õhuga varustamine","Palgalõhe, %",14.7
"2017","Veevarustus; kanalisatsioon, jäätme- ja saastekäitlus","Meestöötajate keskmine brutotunnipalk, eurot",7
"2017","Veevarustus; kanalisatsioon, jäätme- ja saastekäitlus","Naistöötajate keskmine brutotunnipalk, eurot",6.6
"2017","Veevarustus; kanalisatsioon, jäätme- ja saastekäitlus","Palgalõhe, %",5.9
"2017","Ehitus","Meestöötajate keskmine brutotunnipalk, eurot",6.9
"2017","Ehitus","Naistöötajate keskmine brutotunnipalk, eurot",5.8
"2017","Ehitus","Palgalõhe, %",16
"2017","Hulgi- ja jaekaubandus; mootorsõidukite ja mootorrataste remont","Meestöötajate keskmine brutotunnipalk, eurot",7.6
"2017","Hulgi- ja jaekaubandus; mootorsõidukite ja mootorrataste remont","Naistöötajate keskmine brutotunnipalk, eurot",5.4
"2017","Hulgi- ja jaekaubandus; mootorsõidukite ja mootorrataste remont","Palgalõhe, %",28.1
"2017","Veondus ja laondus","Meestöötajate keskmine brutotunnipalk, eurot",6.9
"2017","Veondus ja laondus","Naistöötajate keskmine brutotunnipalk, eurot",6.5
"2017","Veondus ja laondus","Palgalõhe, %",5.1
"2017","Majutus ja toitlustus","Meestöötajate keskmine brutotunnipalk, eurot",5.8
"2017","Majutus ja toitlustus","Naistöötajate keskmine brutotunnipalk, eurot",4.9
"2017","Majutus ja toitlustus","Palgalõhe, %",15.9
"2017","Info ja side","Meestöötajate keskmine brutotunnipalk, eurot",12.9
"2017","Info ja side","Naistöötajate keskmine brutotunnipalk, eurot",9.7
"2017","Info ja side","Palgalõhe, %",25.2
"2017","Finants- ja kindlustustegevus","Meestöötajate keskmine brutotunnipalk, eurot",15
"2017","Finants- ja kindlustustegevus","Naistöötajate keskmine brutotunnipalk, eurot",9.3
"2017","Finants- ja kindlustustegevus","Palgalõhe, %",38.2
"2017","Kinnisvaraalane tegevus","Meestöötajate keskmine brutotunnipalk, eurot",6
"2017","Kinnisvaraalane tegevus","Naistöötajate keskmine brutotunnipalk, eurot",5.2
"2017","Kinnisvaraalane tegevus","Palgalõhe, %",13.5
"2017","Kutse-, teadus- ja tehnikaalane tegevus","Meestöötajate keskmine brutotunnipalk, eurot",9.5
"2017","Kutse-, teadus- ja tehnikaalane tegevus","Naistöötajate keskmine brutotunnipalk, eurot",7.3
"2017","Kutse-, teadus- ja tehnikaalane tegevus","Palgalõhe, %",22.8
"2017","Haldus- ja abitegevused","Meestöötajate keskmine brutotunnipalk, eurot",6.9
"2017","Haldus- ja abitegevused","Naistöötajate keskmine brutotunnipalk, eurot",6.1
"2017","Haldus- ja abitegevused","Palgalõhe, %",12.2
"2017","Avalik haldus ja riigikaitse; kohustuslik sotsiaalkindlustus","Meestöötajate keskmine brutotunnipalk, eurot",9
"2017","Avalik haldus ja riigikaitse; kohustuslik sotsiaalkindlustus","Naistöötajate keskmine brutotunnipalk, eurot",8
"2017","Avalik haldus ja riigikaitse; kohustuslik sotsiaalkindlustus","Palgalõhe, %",10.9
"2017","Haridus","Meestöötajate keskmine brutotunnipalk, eurot",7.4
"2017","Haridus","Naistöötajate keskmine brutotunnipalk, eurot",6.2
"2017","Haridus","Palgalõhe, %",16.2
"2017","Tervishoid ja sotsiaalhoolekanne","Meestöötajate keskmine brutotunnipalk, eurot",9.3
"2017","Tervishoid ja sotsiaalhoolekanne","Naistöötajate keskmine brutotunnipalk, eurot",6.7
"2017","Tervishoid ja sotsiaalhoolekanne","Palgalõhe, %",27.9
"2017","Kunst, meelelahutus ja vaba aeg","Meestöötajate keskmine brutotunnipalk, eurot",6.1
"2017","Kunst, meelelahutus ja vaba aeg","Naistöötajate keskmine brutotunnipalk, eurot",5
"2017","Kunst, meelelahutus ja vaba aeg","Palgalõhe, %",17.9
"2017","Muud teenindavad tegevused","Meestöötajate keskmine brutotunnipalk, eurot",4.2
"2017","Muud teenindavad tegevused","Naistöötajate keskmine brutotunnipalk, eurot",4.1
"2017","Muud teenindavad tegevused","Palgalõhe, %",1.1
"2018","Tegevusalad kokku","Meestöötajate keskmine brutotunnipalk, eurot",7.9
"2018","Tegevusalad kokku","Naistöötajate keskmine brutotunnipalk, eurot",6.5
"2018","Tegevusalad kokku","Palgalõhe, %",18
"2018","Põllumajandus, metsamajandus ja kalapüük","Meestöötajate keskmine brutotunnipalk, eurot",6.5
"2018","Põllumajandus, metsamajandus ja kalapüük","Naistöötajate keskmine brutotunnipalk, eurot",5.3
"2018","Põllumajandus, metsamajandus ja kalapüük","Palgalõhe, %",18.5
"2018","Mäetööstus","Meestöötajate keskmine brutotunnipalk, eurot",9.3
"2018","Mäetööstus","Naistöötajate keskmine brutotunnipalk, eurot",6.6
"2018","Mäetööstus","Palgalõhe, %",28.9
"2018","Töötlev tööstus","Meestöötajate keskmine brutotunnipalk, eurot",8
"2018","Töötlev tööstus","Naistöötajate keskmine brutotunnipalk, eurot",5.8
"2018","Töötlev tööstus","Palgalõhe, %",26.9
"2018","Elektrienergia, gaasi, auru ja konditsioneeritud õhuga varustamine","Meestöötajate keskmine brutotunnipalk, eurot",9.5
"2018","Elektrienergia, gaasi, auru ja konditsioneeritud õhuga varustamine","Naistöötajate keskmine brutotunnipalk, eurot",8.4
"2018","Elektrienergia, gaasi, auru ja konditsioneeritud õhuga varustamine","Palgalõhe, %",12.3
"2018","Veevarustus; kanalisatsioon, jäätme- ja saastekäitlus","Meestöötajate keskmine brutotunnipalk, eurot",7.1
"2018","Veevarustus; kanalisatsioon, jäätme- ja saastekäitlus","Naistöötajate keskmine brutotunnipalk, eurot",6.7
"2018","Veevarustus; kanalisatsioon, jäätme- ja saastekäitlus","Palgalõhe, %",5
"2018","Ehitus","Meestöötajate keskmine brutotunnipalk, eurot",6.8
"2018","Ehitus","Naistöötajate keskmine brutotunnipalk, eurot",6.1
"2018","Ehitus","Palgalõhe, %",11.1
"2018","Hulgi- ja jaekaubandus; mootorsõidukite ja mootorrataste remont","Meestöötajate keskmine brutotunnipalk, eurot",7.8
"2018","Hulgi- ja jaekaubandus; mootorsõidukite ja mootorrataste remont","Naistöötajate keskmine brutotunnipalk, eurot",5.6
"2018","Hulgi- ja jaekaubandus; mootorsõidukite ja mootorrataste remont","Palgalõhe, %",28.6
"2018","Veondus ja laondus","Meestöötajate keskmine brutotunnipalk, eurot",6.9
"2018","Veondus ja laondus","Naistöötajate keskmine brutotunnipalk, eurot",6.8
"2018","Veondus ja laondus","Palgalõhe, %",1.3
"2018","Majutus ja toitlustus","Meestöötajate keskmine brutotunnipalk, eurot",5.8
"2018","Majutus ja toitlustus","Naistöötajate keskmine brutotunnipalk, eurot",4.9
"2018","Majutus ja toitlustus","Palgalõhe, %",15.8
"2018","Info ja side","Meestöötajate keskmine brutotunnipalk, eurot",12.5
"2018","Info ja side","Naistöötajate keskmine brutotunnipalk, eurot",9.6
"2018","Info ja side","Palgalõhe, %",23.4
"2018","Finants- ja kindlustustegevus","Meestöötajate keskmine brutotunnipalk, eurot",14.7
"2018","Finants- ja kindlustustegevus","Naistöötajate keskmine brutotunnipalk, eurot",9.8
"2018","Finants- ja kindlustustegevus","Palgalõhe, %",33.2
"2018","Kinnisvaraalane tegevus","Meestöötajate keskmine brutotunnipalk, eurot",5.9
"2018","Kinnisvaraalane tegevus","Naistöötajate keskmine brutotunnipalk, eurot",5
"2018","Kinnisvaraalane tegevus","Palgalõhe, %",15
"2018","Kutse-, teadus- ja tehnikaalane tegevus","Meestöötajate keskmine brutotunnipalk, eurot",9
"2018","Kutse-, teadus- ja tehnikaalane tegevus","Naistöötajate keskmine brutotunnipalk, eurot",7.6
"2018","Kutse-, teadus- ja tehnikaalane tegevus","Palgalõhe, %",15.7
"2018","Haldus- ja abitegevused","Meestöötajate keskmine brutotunnipalk, eurot",6.6
"2018","Haldus- ja abitegevused","Naistöötajate keskmine brutotunnipalk, eurot",5.9
"2018","Haldus- ja abitegevused","Palgalõhe, %",11.3
"2018","Avalik haldus ja riigikaitse; kohustuslik sotsiaalkindlustus","Meestöötajate keskmine brutotunnipalk, eurot",8.8
"2018","Avalik haldus ja riigikaitse; kohustuslik sotsiaalkindlustus","Naistöötajate keskmine brutotunnipalk, eurot",8.1
"2018","Avalik haldus ja riigikaitse; kohustuslik sotsiaalkindlustus","Palgalõhe, %",7.5
"2018","Haridus","Meestöötajate keskmine brutotunnipalk, eurot",8
"2018","Haridus","Naistöötajate keskmine brutotunnipalk, eurot",6.7
"2018","Haridus","Palgalõhe, %",16.7
"2018","Tervishoid ja sotsiaalhoolekanne","Meestöötajate keskmine brutotunnipalk, eurot",10.2
"2018","Tervishoid ja sotsiaalhoolekanne","Naistöötajate keskmine brutotunnipalk, eurot",7.3
"2018","Tervishoid ja sotsiaalhoolekanne","Palgalõhe, %",28.7
"2018","Kunst, meelelahutus ja vaba aeg","Meestöötajate keskmine brutotunnipalk, eurot",6.7
"2018","Kunst, meelelahutus ja vaba aeg","Naistöötajate keskmine brutotunnipalk, eurot",5.3
"2018","Kunst, meelelahutus ja vaba aeg","Palgalõhe, %",21
"2018","Muud teenindavad tegevused","Meestöötajate keskmine brutotunnipalk, eurot",5.9
"2018","Muud teenindavad tegevused","Naistöötajate keskmine brutotunnipalk, eurot",5.1
"2018","Muud teenindavad tegevused","Palgalõhe, %",13
"2019","Tegevusalad kokku","Meestöötajate keskmine brutotunnipalk, eurot",8.6
"2019","Tegevusalad kokku","Naistöötajate keskmine brutotunnipalk, eurot",7.1
"2019","Tegevusalad kokku","Palgalõhe, %",17.1
"2019","Põllumajandus, metsamajandus ja kalapüük","Meestöötajate keskmine brutotunnipalk, eurot",6.8
"2019","Põllumajandus, metsamajandus ja kalapüük","Naistöötajate keskmine brutotunnipalk, eurot",5.7
"2019","Põllumajandus, metsamajandus ja kalapüük","Palgalõhe, %",15.8
"2019","Mäetööstus","Meestöötajate keskmine brutotunnipalk, eurot",9.7
"2019","Mäetööstus","Naistöötajate keskmine brutotunnipalk, eurot",7.1
"2019","Mäetööstus","Palgalõhe, %",26.5
"2019","Töötlev tööstus","Meestöötajate keskmine brutotunnipalk, eurot",8.6
"2019","Töötlev tööstus","Naistöötajate keskmine brutotunnipalk, eurot",6.5
"2019","Töötlev tööstus","Palgalõhe, %",24.3
"2019","Elektrienergia, gaasi, auru ja konditsioneeritud õhuga varustamine","Meestöötajate keskmine brutotunnipalk, eurot",10.6
"2019","Elektrienergia, gaasi, auru ja konditsioneeritud õhuga varustamine","Naistöötajate keskmine brutotunnipalk, eurot",8.9
"2019","Elektrienergia, gaasi, auru ja konditsioneeritud õhuga varustamine","Palgalõhe, %",16
"2019","Veevarustus; kanalisatsioon, jäätme- ja saastekäitlus","Meestöötajate keskmine brutotunnipalk, eurot",7.8
"2019","Veevarustus; kanalisatsioon, jäätme- ja saastekäitlus","Naistöötajate keskmine brutotunnipalk, eurot",7.1
"2019","Veevarustus; kanalisatsioon, jäätme- ja saastekäitlus","Palgalõhe, %",8.9
"2019","Ehitus","Meestöötajate keskmine brutotunnipalk, eurot",7.8
"2019","Ehitus","Naistöötajate keskmine brutotunnipalk, eurot",6.5
"2019","Ehitus","Palgalõhe, %",15.7
"2019","Hulgi- ja jaekaubandus; mootorsõidukite ja mootorrataste remont","Meestöötajate keskmine brutotunnipalk, eurot",8.6
"2019","Hulgi- ja jaekaubandus; mootorsõidukite ja mootorrataste remont","Naistöötajate keskmine brutotunnipalk, eurot",6.2
"2019","Hulgi- ja jaekaubandus; mootorsõidukite ja mootorrataste remont","Palgalõhe, %",28.7
"2019","Veondus ja laondus","Meestöötajate keskmine brutotunnipalk, eurot",7.2
"2019","Veondus ja laondus","Naistöötajate keskmine brutotunnipalk, eurot",7.5
"2019","Veondus ja laondus","Palgalõhe, %",-4.7
"2019","Majutus ja toitlustus","Meestöötajate keskmine brutotunnipalk, eurot",5.8
"2019","Majutus ja toitlustus","Naistöötajate keskmine brutotunnipalk, eurot",5.1
"2019","Majutus ja toitlustus","Palgalõhe, %",11.5
"2019","Info ja side","Meestöötajate keskmine brutotunnipalk, eurot",13.9
"2019","Info ja side","Naistöötajate keskmine brutotunnipalk, eurot",10.6
"2019","Info ja side","Palgalõhe, %",23.9
"2019","Finants- ja kindlustustegevus","Meestöötajate keskmine brutotunnipalk, eurot",15
"2019","Finants- ja kindlustustegevus","Naistöötajate keskmine brutotunnipalk, eurot",10.9
"2019","Finants- ja kindlustustegevus","Palgalõhe, %",27.1
"2019","Kinnisvaraalane tegevus","Meestöötajate keskmine brutotunnipalk, eurot",6.5
"2019","Kinnisvaraalane tegevus","Naistöötajate keskmine brutotunnipalk, eurot",5.1
"2019","Kinnisvaraalane tegevus","Palgalõhe, %",20.8
"2019","Kutse-, teadus- ja tehnikaalane tegevus","Meestöötajate keskmine brutotunnipalk, eurot",9
"2019","Kutse-, teadus- ja tehnikaalane tegevus","Naistöötajate keskmine brutotunnipalk, eurot",8.3
"2019","Kutse-, teadus- ja tehnikaalane tegevus","Palgalõhe, %",8.1
"2019","Haldus- ja abitegevused","Meestöötajate keskmine brutotunnipalk, eurot",7.3
"2019","Haldus- ja abitegevused","Naistöötajate keskmine brutotunnipalk, eurot",6.2
"2019","Haldus- ja abitegevused","Palgalõhe, %",15.5
"2019","Avalik haldus ja riigikaitse; kohustuslik sotsiaalkindlustus","Meestöötajate keskmine brutotunnipalk, eurot",9.5
"2019","Avalik haldus ja riigikaitse; kohustuslik sotsiaalkindlustus","Naistöötajate keskmine brutotunnipalk, eurot",8.7
"2019","Avalik haldus ja riigikaitse; kohustuslik sotsiaalkindlustus","Palgalõhe, %",8.2
"2019","Haridus","Meestöötajate keskmine brutotunnipalk, eurot",8.7
"2019","Haridus","Naistöötajate keskmine brutotunnipalk, eurot",7.2
"2019","Haridus","Palgalõhe, %",17
"2019","Tervishoid ja sotsiaalhoolekanne","Meestöötajate keskmine brutotunnipalk, eurot",10.4
"2019","Tervishoid ja sotsiaalhoolekanne","Naistöötajate keskmine brutotunnipalk, eurot",8
"2019","Tervishoid ja sotsiaalhoolekanne","Palgalõhe, %",23.1
"2019","Kunst, meelelahutus ja vaba aeg","Meestöötajate keskmine brutotunnipalk, eurot",7.1
"2019","Kunst, meelelahutus ja vaba aeg","Naistöötajate keskmine brutotunnipalk, eurot",6.1
"2019","Kunst, meelelahutus ja vaba aeg","Palgalõhe, %",15.2
"2019","Muud teenindavad tegevused","Meestöötajate keskmine brutotunnipalk, eurot",7.1
"2019","Muud teenindavad tegevused","Naistöötajate keskmine brutotunnipalk, eurot",5.8
"2019","Muud teenindavad tegevused","Palgalõhe, %",18.8
"2020","Tegevusalad kokku","Meestöötajate keskmine brutotunnipalk, eurot",9.1
"2020","Tegevusalad kokku","Naistöötajate keskmine brutotunnipalk, eurot",7.7
"2020","Tegevusalad kokku","Palgalõhe, %",15.6
"2020","Põllumajandus, metsamajandus ja kalapüük","Meestöötajate keskmine brutotunnipalk, eurot",7.4
"2020","Põllumajandus, metsamajandus ja kalapüük","Naistöötajate keskmine brutotunnipalk, eurot",6.9
"2020","Põllumajandus, metsamajandus ja kalapüük","Palgalõhe, %",7.2
"2020","Mäetööstus","Meestöötajate keskmine brutotunnipalk, eurot",10.2
"2020","Mäetööstus","Naistöötajate keskmine brutotunnipalk, eurot",7.6
"2020","Mäetööstus","Palgalõhe, %",26.1
"2020","Töötlev tööstus","Meestöötajate keskmine brutotunnipalk, eurot",8.8
"2020","Töötlev tööstus","Naistöötajate keskmine brutotunnipalk, eurot",6.9
"2020","Töötlev tööstus","Palgalõhe, %",21.6
"2020","Elektrienergia, gaasi, auru ja konditsioneeritud õhuga varustamine","Meestöötajate keskmine brutotunnipalk, eurot",11.5
"2020","Elektrienergia, gaasi, auru ja konditsioneeritud õhuga varustamine","Naistöötajate keskmine brutotunnipalk, eurot",10.2
"2020","Elektrienergia, gaasi, auru ja konditsioneeritud õhuga varustamine","Palgalõhe, %",11
"2020","Veevarustus; kanalisatsioon, jäätme- ja saastekäitlus","Meestöötajate keskmine brutotunnipalk, eurot",8.4
"2020","Veevarustus; kanalisatsioon, jäätme- ja saastekäitlus","Naistöötajate keskmine brutotunnipalk, eurot",7.9
"2020","Veevarustus; kanalisatsioon, jäätme- ja saastekäitlus","Palgalõhe, %",5.4
"2020","Ehitus","Meestöötajate keskmine brutotunnipalk, eurot",8
"2020","Ehitus","Naistöötajate keskmine brutotunnipalk, eurot",7.8
"2020","Ehitus","Palgalõhe, %",3
"2020","Hulgi- ja jaekaubandus; mootorsõidukite ja mootorrataste remont","Meestöötajate keskmine brutotunnipalk, eurot",8
"2020","Hulgi- ja jaekaubandus; mootorsõidukite ja mootorrataste remont","Naistöötajate keskmine brutotunnipalk, eurot",6.2
"2020","Hulgi- ja jaekaubandus; mootorsõidukite ja mootorrataste remont","Palgalõhe, %",23
"2020","Veondus ja laondus","Meestöötajate keskmine brutotunnipalk, eurot",7.8
"2020","Veondus ja laondus","Naistöötajate keskmine brutotunnipalk, eurot",8.3
"2020","Veondus ja laondus","Palgalõhe, %",-6.2
"2020","Majutus ja toitlustus","Meestöötajate keskmine brutotunnipalk, eurot",6
"2020","Majutus ja toitlustus","Naistöötajate keskmine brutotunnipalk, eurot",5
"2020","Majutus ja toitlustus","Palgalõhe, %",15.9
"2020","Info ja side","Meestöötajate keskmine brutotunnipalk, eurot",15.6
"2020","Info ja side","Naistöötajate keskmine brutotunnipalk, eurot",11.8
"2020","Info ja side","Palgalõhe, %",24.1
"2020","Finants- ja kindlustustegevus","Meestöötajate keskmine brutotunnipalk, eurot",16.7
"2020","Finants- ja kindlustustegevus","Naistöötajate keskmine brutotunnipalk, eurot",11.8
"2020","Finants- ja kindlustustegevus","Palgalõhe, %",29.4
"2020","Kinnisvaraalane tegevus","Meestöötajate keskmine brutotunnipalk, eurot",7.2
"2020","Kinnisvaraalane tegevus","Naistöötajate keskmine brutotunnipalk, eurot",5.9
"2020","Kinnisvaraalane tegevus","Palgalõhe, %",17.5
"2020","Kutse-, teadus- ja tehnikaalane tegevus","Meestöötajate keskmine brutotunnipalk, eurot",10.3
"2020","Kutse-, teadus- ja tehnikaalane tegevus","Naistöötajate keskmine brutotunnipalk, eurot",9
"2020","Kutse-, teadus- ja tehnikaalane tegevus","Palgalõhe, %",12.1
"2020","Haldus- ja abitegevused","Meestöötajate keskmine brutotunnipalk, eurot",7.5
"2020","Haldus- ja abitegevused","Naistöötajate keskmine brutotunnipalk, eurot",6.2
"2020","Haldus- ja abitegevused","Palgalõhe, %",18.2
"2020","Avalik haldus ja riigikaitse; kohustuslik sotsiaalkindlustus","Meestöötajate keskmine brutotunnipalk, eurot",10.6
"2020","Avalik haldus ja riigikaitse; kohustuslik sotsiaalkindlustus","Naistöötajate keskmine brutotunnipalk, eurot",10
"2020","Avalik haldus ja riigikaitse; kohustuslik sotsiaalkindlustus","Palgalõhe, %",5.2
"2020","Haridus","Meestöötajate keskmine brutotunnipalk, eurot",9.6
"2020","Haridus","Naistöötajate keskmine brutotunnipalk, eurot",8
"2020","Haridus","Palgalõhe, %",16.7
"2020","Tervishoid ja sotsiaalhoolekanne","Meestöötajate keskmine brutotunnipalk, eurot",11
"2020","Tervishoid ja sotsiaalhoolekanne","Naistöötajate keskmine brutotunnipalk, eurot",8.3
"2020","Tervishoid ja sotsiaalhoolekanne","Palgalõhe, %",24
"2020","Kunst, meelelahutus ja vaba aeg","Meestöötajate keskmine brutotunnipalk, eurot",7.1
"2020","Kunst, meelelahutus ja vaba aeg","Naistöötajate keskmine brutotunnipalk, eurot",6.2
"2020","Kunst, meelelahutus ja vaba aeg","Palgalõhe, %",12.6
"2020","Muud teenindavad tegevused","Meestöötajate keskmine brutotunnipalk, eurot",7.8
"2020","Muud teenindavad tegevused","Naistöötajate keskmine brutotunnipalk, eurot",6.5
"2020","Muud teenindavad tegevused","Palgalõhe, %",17.1
"2021","Tegevusalad kokku","Meestöötajate keskmine brutotunnipalk, eurot",10
"2021","Tegevusalad kokku","Naistöötajate keskmine brutotunnipalk, eurot",8.5
"2021","Tegevusalad kokku","Palgalõhe, %",14.9
"2021","Põllumajandus, metsamajandus ja kalapüük","Meestöötajate keskmine brutotunnipalk, eurot",7.9
"2021","Põllumajandus, metsamajandus ja kalapüük","Naistöötajate keskmine brutotunnipalk, eurot",7.3
"2021","Põllumajandus, metsamajandus ja kalapüük","Palgalõhe, %",7.6
"2021","Mäetööstus","Meestöötajate keskmine brutotunnipalk, eurot",10.6
"2021","Mäetööstus","Naistöötajate keskmine brutotunnipalk, eurot",8.8
"2021","Mäetööstus","Palgalõhe, %",17
"2021","Töötlev tööstus","Meestöötajate keskmine brutotunnipalk, eurot",9.5
"2021","Töötlev tööstus","Naistöötajate keskmine brutotunnipalk, eurot",7.5
"2021","Töötlev tööstus","Palgalõhe, %",21.4
"2021","Elektrienergia, gaasi, auru ja konditsioneeritud õhuga varustamine","Meestöötajate keskmine brutotunnipalk, eurot",12.1
"2021","Elektrienergia, gaasi, auru ja konditsioneeritud õhuga varustamine","Naistöötajate keskmine brutotunnipalk, eurot",10.9
"2021","Elektrienergia, gaasi, auru ja konditsioneeritud õhuga varustamine","Palgalõhe, %",9.5
"2021","Veevarustus; kanalisatsioon, jäätme- ja saastekäitlus","Meestöötajate keskmine brutotunnipalk, eurot",9
"2021","Veevarustus; kanalisatsioon, jäätme- ja saastekäitlus","Naistöötajate keskmine brutotunnipalk, eurot",8.4
"2021","Veevarustus; kanalisatsioon, jäätme- ja saastekäitlus","Palgalõhe, %",6.6
"2021","Ehitus","Meestöötajate keskmine brutotunnipalk, eurot",8.8
"2021","Ehitus","Naistöötajate keskmine brutotunnipalk, eurot",7.8
"2021","Ehitus","Palgalõhe, %",11.4
"2021","Hulgi- ja jaekaubandus; mootorsõidukite ja mootorrataste remont","Meestöötajate keskmine brutotunnipalk, eurot",9.1
"2021","Hulgi- ja jaekaubandus; mootorsõidukite ja mootorrataste remont","Naistöötajate keskmine brutotunnipalk, eurot",6.9
"2021","Hulgi- ja jaekaubandus; mootorsõidukite ja mootorrataste remont","Palgalõhe, %",24.2
"2021","Veondus ja laondus","Meestöötajate keskmine brutotunnipalk, eurot",8.7
"2021","Veondus ja laondus","Naistöötajate keskmine brutotunnipalk, eurot",9.1
"2021","Veondus ja laondus","Palgalõhe, %",-5.2
"2021","Majutus ja toitlustus","Meestöötajate keskmine brutotunnipalk, eurot",6.2
"2021","Majutus ja toitlustus","Naistöötajate keskmine brutotunnipalk, eurot",5.8
"2021","Majutus ja toitlustus","Palgalõhe, %",5.8
"2021","Info ja side","Meestöötajate keskmine brutotunnipalk, eurot",17.8
"2021","Info ja side","Naistöötajate keskmine brutotunnipalk, eurot",13.6
"2021","Info ja side","Palgalõhe, %",23.5
"2021","Finants- ja kindlustustegevus","Meestöötajate keskmine brutotunnipalk, eurot",17.6
"2021","Finants- ja kindlustustegevus","Naistöötajate keskmine brutotunnipalk, eurot",13.1
"2021","Finants- ja kindlustustegevus","Palgalõhe, %",25.7
"2021","Kinnisvaraalane tegevus","Meestöötajate keskmine brutotunnipalk, eurot",7.5
"2021","Kinnisvaraalane tegevus","Naistöötajate keskmine brutotunnipalk, eurot",6.4
"2021","Kinnisvaraalane tegevus","Palgalõhe, %",15
"2021","Kutse-, teadus- ja tehnikaalane tegevus","Meestöötajate keskmine brutotunnipalk, eurot",11
"2021","Kutse-, teadus- ja tehnikaalane tegevus","Naistöötajate keskmine brutotunnipalk, eurot",10.2
"2021","Kutse-, teadus- ja tehnikaalane tegevus","Palgalõhe, %",7.3
"2021","Haldus- ja abitegevused","Meestöötajate keskmine brutotunnipalk, eurot",8.4
"2021","Haldus- ja abitegevused","Naistöötajate keskmine brutotunnipalk, eurot",7.1
"2021","Haldus- ja abitegevused","Palgalõhe, %",15.2
"2021","Avalik haldus ja riigikaitse; kohustuslik sotsiaalkindlustus","Meestöötajate keskmine brutotunnipalk, eurot",11.3
"2021","Avalik haldus ja riigikaitse; kohustuslik sotsiaalkindlustus","Naistöötajate keskmine brutotunnipalk, eurot",10.5
"2021","Avalik haldus ja riigikaitse; kohustuslik sotsiaalkindlustus","Palgalõhe, %",6.9
"2021","Haridus","Meestöötajate keskmine brutotunnipalk, eurot",10.4
"2021","Haridus","Naistöötajate keskmine brutotunnipalk, eurot",8.6
"2021","Haridus","Palgalõhe, %",17
"2021","Tervishoid ja sotsiaalhoolekanne","Meestöötajate keskmine brutotunnipalk, eurot",12.4
"2021","Tervishoid ja sotsiaalhoolekanne","Naistöötajate keskmine brutotunnipalk, eurot",9.4
"2021","Tervishoid ja sotsiaalhoolekanne","Palgalõhe, %",23.8
"2021","Kunst, meelelahutus ja vaba aeg","Meestöötajate keskmine brutotunnipalk, eurot",7.7
"2021","Kunst, meelelahutus ja vaba aeg","Naistöötajate keskmine brutotunnipalk, eurot",6.9
"2021","Kunst, meelelahutus ja vaba aeg","Palgalõhe, %",9.6
"2021","Muud teenindavad tegevused","Meestöötajate keskmine brutotunnipalk, eurot",8.5
"2021","Muud teenindavad tegevused","Naistöötajate keskmine brutotunnipalk, eurot",7.5
"2021","Muud teenindavad tegevused","Palgalõhe, %",11.3
